0 verbose cli /.sprite/languages/node/nvm/versions/node/v24.18.0/bin/node /.sprite/languages/node/nvm/versions/node/v24.18.0/bin/npm
1 info using npm@12.0.2
2 info using node@v24.18.0
3 silly config load:file:/.sprite/languages/node/nvm/versions/node/v24.18.0/lib/node_modules/npm/npmrc
4 silly config load:file:/home/sprite/.npmrc
5 silly config load:file:/.sprite/languages/node/nvm/versions/node/v24.18.0/etc/npmrc
6 verbose title npm install
7 verbose argv "install"
8 verbose logfile logs-max:10 dir:/home/sprite/.npm/_logs/2026-09-18T18_09_52_906Z-
9 verbose logfile /home/sprite/.npm/_logs/2026-09-18T18_09_52_906Z-debug-0.log
10 silly logfile done cleaning log files
11 silly packumentCache heap:2348810240 maxSize:587202560 maxEntrySize:293601280
12 silly idealTree buildDeps
13 silly fetch manifest @supabase/supabase-js@^2.111.0
14 silly packumentCache full:https://registry.npmjs.org/@supabase%2fsupabase-js cache-miss
15 http fetch GET 200 https://registry.npmjs.org/npm 196ms
16 http fetch GET 200 https://registry.npmjs.org/@supabase%2fsupabase-js 836ms (cache miss)
17 silly packumentCache full:https://registry.npmjs.org/@supabase%2fsupabase-js set size:undefined disposed:false
18 silly fetch manifest @opentelemetry/api@>=1.0.0
19 silly packumentCache full:https://registry.npmjs.org/@opentelemetry%2fapi cache-miss
20 http fetch GET 200 https://registry.npmjs.org/@opentelemetry%2fapi 56ms (cache miss)
21 silly packumentCache full:https://registry.npmjs.org/@opentelemetry%2fapi set size:undefined disposed:false
22 silly fetch manifest react@^18.3.1
23 silly packumentCache full:https://registry.npmjs.org/react cache-miss
24 http fetch GET 200 https://registry.npmjs.org/react 274ms (cache miss)
25 silly packumentCache full:https://registry.npmjs.org/react set size:undefined disposed:false
26 silly fetch manifest react-dom@^18.3.1
27 silly packumentCache full:https://registry.npmjs.org/react-dom cache-miss
28 http fetch GET 200 https://registry.npmjs.org/react-dom 257ms (cache miss)
29 silly packumentCache full:https://registry.npmjs.org/react-dom set size:undefined disposed:false
30 silly fetch manifest react-router-dom@^6.26.2
31 silly packumentCache full:https://registry.npmjs.org/react-router-dom cache-miss
32 http fetch GET 200 https://registry.npmjs.org/react-router-dom 180ms (cache miss)
33 silly packumentCache full:https://registry.npmjs.org/react-router-dom set size:undefined disposed:false
34 silly fetch manifest @types/react@^18.3.5
35 silly packumentCache full:https://registry.npmjs.org/@types%2freact cache-miss
36 http fetch GET 200 https://registry.npmjs.org/@types%2freact 104ms (cache miss)
37 silly packumentCache full:https://registry.npmjs.org/@types%2freact set size:undefined disposed:false
38 silly fetch manifest @types/react-dom@^18.3.0
39 silly packumentCache full:https://registry.npmjs.org/@types%2freact-dom cache-miss
40 http fetch GET 200 https://registry.npmjs.org/@types%2freact-dom 77ms (cache miss)
41 silly packumentCache full:https://registry.npmjs.org/@types%2freact-dom set size:undefined disposed:false
42 silly fetch manifest @vitejs/plugin-react@^4.3.1
43 silly packumentCache full:https://registry.npmjs.org/@vitejs%2fplugin-react cache-miss
44 http fetch GET 200 https://registry.npmjs.org/@vitejs%2fplugin-react 41ms (cache miss)
45 silly packumentCache full:https://registry.npmjs.org/@vitejs%2fplugin-react set size:undefined disposed:false
46 silly fetch manifest vite@^5.4.6
47 silly packumentCache full:https://registry.npmjs.org/vite cache-miss
48 http fetch GET 200 https://registry.npmjs.org/vite 2254ms (cache miss)
49 silly packumentCache full:https://registry.npmjs.org/vite set size:undefined disposed:false
50 silly fetch manifest @types/node@^18.0.0 || >=20.0.0
51 silly packumentCache full:https://registry.npmjs.org/@types%2fnode cache-miss
52 http fetch GET 200 https://registry.npmjs.org/@types%2fnode 272ms (cache miss)
53 silly packumentCache full:https://registry.npmjs.org/@types%2fnode set size:undefined disposed:false
54 silly fetch manifest less@*
55 silly packumentCache full:https://registry.npmjs.org/less cache-miss
56 http fetch GET 200 https://registry.npmjs.org/less 74ms (cache miss)
57 silly packumentCache full:https://registry.npmjs.org/less set size:undefined disposed:false
58 silly fetch manifest lightningcss@^1.21.0
59 silly packumentCache full:https://registry.npmjs.org/lightningcss cache-miss
60 http fetch GET 200 https://registry.npmjs.org/lightningcss 61ms (cache miss)
61 silly packumentCache full:https://registry.npmjs.org/lightningcss set size:undefined disposed:false
62 silly fetch manifest sass@*
63 silly packumentCache full:https://registry.npmjs.org/sass cache-miss
64 http fetch GET 200 https://registry.npmjs.org/sass 106ms (cache miss)
65 silly packumentCache full:https://registry.npmjs.org/sass set size:undefined disposed:false
66 silly fetch manifest sass-embedded@*
67 silly packumentCache full:https://registry.npmjs.org/sass-embedded cache-miss
68 http fetch GET 200 https://registry.npmjs.org/sass-embedded 50ms (cache miss)
69 silly packumentCache full:https://registry.npmjs.org/sass-embedded set size:undefined disposed:false
70 silly fetch manifest stylus@*
71 silly packumentCache full:https://registry.npmjs.org/stylus cache-miss
72 http fetch GET 200 https://registry.npmjs.org/stylus 55ms (cache miss)
73 silly packumentCache full:https://registry.npmjs.org/stylus set size:undefined disposed:false
74 silly fetch manifest sugarss@*
75 silly packumentCache full:https://registry.npmjs.org/sugarss cache-miss
76 http fetch GET 200 https://registry.npmjs.org/sugarss 45ms (cache miss)
77 silly packumentCache full:https://registry.npmjs.org/sugarss set size:undefined disposed:false
78 silly fetch manifest postcss@^8.4.45
79 silly packumentCache full:https://registry.npmjs.org/postcss cache-miss
80 http fetch GET 200 https://registry.npmjs.org/postcss 100ms (cache miss)
81 silly packumentCache full:https://registry.npmjs.org/postcss set size:undefined disposed:false
82 silly fetch manifest terser@^5.4.0
83 silly packumentCache full:https://registry.npmjs.org/terser cache-miss
84 http fetch GET 200 https://registry.npmjs.org/terser 51ms (cache miss)
85 silly packumentCache full:https://registry.npmjs.org/terser set size:undefined disposed:false
86 silly fetch manifest autoprefixer@^10.4.20
87 silly packumentCache full:https://registry.npmjs.org/autoprefixer cache-miss
88 http fetch GET 200 https://registry.npmjs.org/autoprefixer 97ms (cache miss)
89 silly packumentCache full:https://registry.npmjs.org/autoprefixer set size:undefined disposed:false
90 silly fetch manifest tailwindcss@^3.4.10
91 silly packumentCache full:https://registry.npmjs.org/tailwindcss cache-miss
92 http fetch GET 200 https://registry.npmjs.org/tailwindcss 244ms (cache miss)
93 silly packumentCache full:https://registry.npmjs.org/tailwindcss set size:undefined disposed:false
94 silly fetch manifest typescript@^5.5.4
95 silly packumentCache full:https://registry.npmjs.org/typescript cache-miss
96 http fetch GET 200 https://registry.npmjs.org/typescript 552ms (cache miss)
97 silly packumentCache full:https://registry.npmjs.org/typescript set size:undefined disposed:false
98 silly placeDep ROOT @supabase/supabase-js@2.116.0 OK for: todo-app@0.0.1 want: ^2.111.0
99 silly placeDep ROOT @types/react@18.3.31 OK for: todo-app@0.0.1 want: ^18.3.5
100 silly placeDep ROOT @types/react-dom@18.3.7 OK for: todo-app@0.0.1 want: ^18.3.0
101 silly placeDep ROOT @vitejs/plugin-react@4.7.0 OK for: todo-app@0.0.1 want: ^4.3.1
102 silly placeDep ROOT vite@5.4.21 OK for: @vitejs/plugin-react@4.7.0 want: ^4.2.0 || ^5.0.0 || ^6.0.0 || ^7.0.0
103 silly placeDep ROOT autoprefixer@10.6.1 OK for: todo-app@0.0.1 want: ^10.4.20
104 silly placeDep ROOT postcss@8.5.28 OK for: autoprefixer@10.6.1 want: ^8.1.0
105 silly placeDep ROOT react@18.3.1 OK for: todo-app@0.0.1 want: ^18.3.1
106 silly placeDep ROOT react-dom@18.3.1 OK for: todo-app@0.0.1 want: ^18.3.1
107 silly placeDep ROOT react-router-dom@6.30.6 OK for: todo-app@0.0.1 want: ^6.26.2
108 silly placeDep ROOT tailwindcss@3.4.19 OK for: todo-app@0.0.1 want: ^3.4.10
109 silly placeDep ROOT typescript@5.9.3 OK for: todo-app@0.0.1 want: ^5.5.4
110 silly fetch manifest @supabase/auth-js@2.116.0
111 silly packumentCache full:https://registry.npmjs.org/@supabase%2fauth-js cache-miss
112 silly fetch manifest @supabase/storage-js@2.116.0
113 silly packumentCache full:https://registry.npmjs.org/@supabase%2fstorage-js cache-miss
114 silly fetch manifest @supabase/realtime-js@2.116.0
115 silly packumentCache full:https://registry.npmjs.org/@supabase%2frealtime-js cache-miss
116 silly fetch manifest @supabase/functions-js@2.116.0
117 silly packumentCache full:https://registry.npmjs.org/@supabase%2ffunctions-js cache-miss
118 silly fetch manifest @supabase/postgrest-js@2.116.0
119 silly packumentCache full:https://registry.npmjs.org/@supabase%2fpostgrest-js cache-miss
120 silly fetch manifest csstype@^3.2.2
121 silly packumentCache full:https://registry.npmjs.org/csstype cache-miss
122 silly fetch manifest @types/prop-types@*
123 silly packumentCache full:https://registry.npmjs.org/@types%2fprop-types cache-miss
124 http fetch GET 200 https://registry.npmjs.org/@types%2fprop-types 172ms (cache miss)
125 silly packumentCache full:https://registry.npmjs.org/@types%2fprop-types set size:undefined disposed:false
126 silly fetch manifest @babel/core@^7.28.0
127 silly packumentCache full:https://registry.npmjs.org/@babel%2fcore cache-miss
128 http fetch GET 200 https://registry.npmjs.org/csstype 214ms (cache miss)
129 silly packumentCache full:https://registry.npmjs.org/csstype set size:undefined disposed:false
130 silly fetch manifest react-refresh@^0.17.0
131 silly packumentCache full:https://registry.npmjs.org/react-refresh cache-miss
132 http fetch GET 200 https://registry.npmjs.org/@supabase%2fauth-js 249ms (cache miss)
133 silly packumentCache full:https://registry.npmjs.org/@supabase%2fauth-js set size:undefined disposed:false
134 silly fetch manifest @types/babel__core@^7.20.5
135 silly packumentCache full:https://registry.npmjs.org/@types%2fbabel__core cache-miss
136 http fetch GET 200 https://registry.npmjs.org/@supabase%2fstorage-js 336ms (cache miss)
137 silly packumentCache full:https://registry.npmjs.org/@supabase%2fstorage-js set size:undefined disposed:false
138 silly fetch manifest @rolldown/pluginutils@1.0.0-beta.27
139 silly packumentCache full:https://registry.npmjs.org/@rolldown%2fpluginutils cache-miss
140 http fetch GET 200 https://registry.npmjs.org/@types%2fbabel__core 98ms (cache miss)
141 silly packumentCache full:https://registry.npmjs.org/@types%2fbabel__core set size:undefined disposed:false
142 silly fetch manifest @babel/plugin-transform-react-jsx-self@^7.27.1
143 silly packumentCache full:https://registry.npmjs.org/@babel%2fplugin-transform-react-jsx-self cache-miss
144 http fetch GET 200 https://registry.npmjs.org/@babel%2fcore 198ms (cache miss)
145 silly packumentCache full:https://registry.npmjs.org/@babel%2fcore set size:undefined disposed:false
146 silly fetch manifest @babel/plugin-transform-react-jsx-source@^7.27.1
147 silly packumentCache full:https://registry.npmjs.org/@babel%2fplugin-transform-react-jsx-source cache-miss
148 http fetch GET 200 https://registry.npmjs.org/@babel%2fplugin-transform-react-jsx-self 113ms (cache miss)
149 silly packumentCache full:https://registry.npmjs.org/@babel%2fplugin-transform-react-jsx-self set size:undefined disposed:false
150 silly fetch manifest rollup@^4.20.0
151 silly packumentCache full:https://registry.npmjs.org/rollup cache-miss
152 http fetch GET 200 https://registry.npmjs.org/@babel%2fplugin-transform-react-jsx-source 116ms (cache miss)
153 silly packumentCache full:https://registry.npmjs.org/@babel%2fplugin-transform-react-jsx-source set size:undefined disposed:false
154 silly fetch manifest esbuild@^0.21.3
155 silly packumentCache full:https://registry.npmjs.org/esbuild cache-miss
156 http fetch GET 200 https://registry.npmjs.org/@rolldown%2fpluginutils 180ms (cache miss)
157 silly packumentCache full:https://registry.npmjs.org/@rolldown%2fpluginutils set size:undefined disposed:false
158 silly fetch manifest postcss@^8.4.43
159 silly packumentCache full:https://registry.npmjs.org/postcss cache-miss
160 http fetch GET 200 https://registry.npmjs.org/@supabase%2ffunctions-js 567ms (cache miss)
161 silly packumentCache full:https://registry.npmjs.org/@supabase%2ffunctions-js set size:undefined disposed:false
162 silly fetch manifest fsevents@~2.3.3
163 silly packumentCache full:https://registry.npmjs.org/fsevents cache-miss
164 http cache https://registry.npmjs.org/postcss 137ms (cache hit)
165 silly packumentCache full:https://registry.npmjs.org/postcss set size:766699 disposed:false
166 silly fetch manifest picocolors@^1.1.1
167 silly packumentCache full:https://registry.npmjs.org/picocolors cache-miss
168 http fetch GET 200 https://registry.npmjs.org/@supabase%2fpostgrest-js 735ms (cache miss)
169 silly packumentCache full:https://registry.npmjs.org/@supabase%2fpostgrest-js set size:undefined disposed:false
170 silly fetch manifest fraction.js@^5.3.4
171 silly packumentCache full:https://registry.npmjs.org/fraction.js cache-miss
172 http fetch GET 200 https://registry.npmjs.org/fsevents 181ms (cache miss)
173 silly packumentCache full:https://registry.npmjs.org/fsevents set size:undefined disposed:false
174 silly fetch manifest browserslist@^4.28.9
175 silly packumentCache full:https://registry.npmjs.org/browserslist cache-miss
176 http fetch GET 200 https://registry.npmjs.org/picocolors 91ms (cache miss)
177 silly packumentCache full:https://registry.npmjs.org/picocolors set size:undefined disposed:false
178 silly fetch manifest caniuse-lite@^1.0.30001810
179 silly packumentCache full:https://registry.npmjs.org/caniuse-lite cache-miss
180 http fetch GET 200 https://registry.npmjs.org/@supabase%2frealtime-js 831ms (cache miss)
181 silly packumentCache full:https://registry.npmjs.org/@supabase%2frealtime-js set size:undefined disposed:false
182 silly fetch manifest postcss-value-parser@^4.2.0
183 silly packumentCache full:https://registry.npmjs.org/postcss-value-parser cache-miss
184 http fetch GET 200 https://registry.npmjs.org/fraction.js 97ms (cache miss)
185 silly packumentCache full:https://registry.npmjs.org/fraction.js set size:undefined disposed:false
186 silly fetch manifest nanoid@^3.3.18
187 silly packumentCache full:https://registry.npmjs.org/nanoid cache-miss
188 http fetch GET 200 https://registry.npmjs.org/esbuild 354ms (cache miss)
189 silly packumentCache full:https://registry.npmjs.org/esbuild set size:undefined disposed:false
190 silly fetch manifest source-map-js@^1.2.1
191 silly packumentCache full:https://registry.npmjs.org/source-map-js cache-miss
192 http fetch GET 200 https://registry.npmjs.org/browserslist 137ms (cache miss)
193 silly packumentCache full:https://registry.npmjs.org/browserslist set size:undefined disposed:false
194 silly fetch manifest loose-envify@^1.1.0
195 silly packumentCache full:https://registry.npmjs.org/loose-envify cache-miss
196 http fetch GET 200 https://registry.npmjs.org/postcss-value-parser 80ms (cache miss)
197 silly packumentCache full:https://registry.npmjs.org/postcss-value-parser set size:undefined disposed:false
198 silly fetch manifest scheduler@^0.23.2
199 silly packumentCache full:https://registry.npmjs.org/scheduler cache-miss
200 http fetch GET 200 https://registry.npmjs.org/source-map-js 62ms (cache miss)
201 silly packumentCache full:https://registry.npmjs.org/source-map-js set size:undefined disposed:false
202 silly fetch manifest loose-envify@^1.1.0
203 silly packumentCache full:https://registry.npmjs.org/loose-envify cache-miss
204 http fetch GET 200 https://registry.npmjs.org/nanoid 92ms (cache miss)
205 silly packumentCache full:https://registry.npmjs.org/nanoid set size:undefined disposed:false
206 silly fetch manifest react-router@6.30.6
207 silly packumentCache full:https://registry.npmjs.org/react-router cache-miss
208 http fetch GET 200 https://registry.npmjs.org/loose-envify 92ms (cache miss)
209 silly packumentCache full:https://registry.npmjs.org/loose-envify set size:undefined disposed:false
210 silly fetch manifest @remix-run/router@1.23.4
211 silly packumentCache full:https://registry.npmjs.org/@remix-run%2frouter cache-miss
212 http fetch GET 200 https://registry.npmjs.org/loose-envify 71ms (cache miss)
213 silly packumentCache full:https://registry.npmjs.org/loose-envify set size:undefined disposed:false
214 silly fetch manifest arg@^5.0.2
215 silly packumentCache full:https://registry.npmjs.org/arg cache-miss
216 http fetch GET 200 https://registry.npmjs.org/arg 81ms (cache miss)
217 silly packumentCache full:https://registry.npmjs.org/arg set size:undefined disposed:false
218 silly fetch manifest dlv@^1.1.3
219 silly packumentCache full:https://registry.npmjs.org/dlv cache-miss
220 http fetch GET 200 https://registry.npmjs.org/@remix-run%2frouter 123ms (cache miss)
221 silly packumentCache full:https://registry.npmjs.org/@remix-run%2frouter set size:undefined disposed:false
222 silly fetch manifest jiti@^1.21.7
223 silly packumentCache full:https://registry.npmjs.org/jiti cache-miss
224 http fetch GET 200 https://registry.npmjs.org/dlv 63ms (cache miss)
225 silly packumentCache full:https://registry.npmjs.org/dlv set size:undefined disposed:false
226 silly fetch manifest is-glob@^4.0.3
227 silly packumentCache full:https://registry.npmjs.org/is-glob cache-miss
228 http fetch GET 200 https://registry.npmjs.org/caniuse-lite 382ms (cache miss)
229 silly packumentCache full:https://registry.npmjs.org/caniuse-lite set size:undefined disposed:false
230 silly fetch manifest resolve@^1.22.8
231 silly packumentCache full:https://registry.npmjs.org/resolve cache-miss
232 http fetch GET 200 https://registry.npmjs.org/is-glob 65ms (cache miss)
233 silly packumentCache full:https://registry.npmjs.org/is-glob set size:undefined disposed:false
234 silly fetch manifest sucrase@^3.35.0
235 silly packumentCache full:https://registry.npmjs.org/sucrase cache-miss
236 http fetch GET 200 https://registry.npmjs.org/jiti 118ms (cache miss)
237 silly packumentCache full:https://registry.npmjs.org/jiti set size:undefined disposed:false
238 silly fetch manifest chokidar@^3.6.0
239 silly packumentCache full:https://registry.npmjs.org/chokidar cache-miss
240 http fetch GET 200 https://registry.npmjs.org/react-refresh 1061ms (cache miss)
241 silly packumentCache full:https://registry.npmjs.org/react-refresh set size:undefined disposed:false
242 silly fetch manifest fast-glob@^3.3.2
243 silly packumentCache full:https://registry.npmjs.org/fast-glob cache-miss
244 http fetch GET 200 https://registry.npmjs.org/resolve 186ms (cache miss)
245 silly packumentCache full:https://registry.npmjs.org/resolve set size:undefined disposed:false
246 silly fetch manifest lilconfig@^3.1.3
247 silly packumentCache full:https://registry.npmjs.org/lilconfig cache-miss
248 http fetch GET 200 https://registry.npmjs.org/chokidar 159ms (cache miss)
249 silly packumentCache full:https://registry.npmjs.org/chokidar set size:undefined disposed:false
250 silly fetch manifest didyoumean@^1.2.2
251 silly packumentCache full:https://registry.npmjs.org/didyoumean cache-miss
252 http fetch GET 200 https://registry.npmjs.org/fast-glob 84ms (cache miss)
253 silly packumentCache full:https://registry.npmjs.org/fast-glob set size:undefined disposed:false
254 silly fetch manifest micromatch@^4.0.8
255 silly packumentCache full:https://registry.npmjs.org/micromatch cache-miss
256 http fetch GET 200 https://registry.npmjs.org/sucrase 220ms (cache miss)
257 silly packumentCache full:https://registry.npmjs.org/sucrase set size:undefined disposed:false
258 silly fetch manifest postcss-js@^4.0.1
259 silly packumentCache full:https://registry.npmjs.org/postcss-js cache-miss
260 http fetch GET 200 https://registry.npmjs.org/didyoumean 64ms (cache miss)
261 silly packumentCache full:https://registry.npmjs.org/didyoumean set size:undefined disposed:false
262 silly fetch manifest glob-parent@^6.0.2
263 silly packumentCache full:https://registry.npmjs.org/glob-parent cache-miss
264 http fetch GET 200 https://registry.npmjs.org/lilconfig 121ms (cache miss)
265 silly packumentCache full:https://registry.npmjs.org/lilconfig set size:undefined disposed:false
266 silly fetch manifest object-hash@^3.0.0
267 silly packumentCache full:https://registry.npmjs.org/object-hash cache-miss
268 http fetch GET 200 https://registry.npmjs.org/rollup 1043ms (cache miss)
269 silly packumentCache full:https://registry.npmjs.org/rollup set size:undefined disposed:false
270 silly fetch manifest normalize-path@^3.0.0
271 silly packumentCache full:https://registry.npmjs.org/normalize-path cache-miss
272 http fetch GET 200 https://registry.npmjs.org/postcss-js 209ms (cache miss)
273 silly packumentCache full:https://registry.npmjs.org/postcss-js set size:undefined disposed:false
274 silly fetch manifest postcss-import@^15.1.0
275 silly packumentCache full:https://registry.npmjs.org/postcss-import cache-miss
276 http fetch GET 200 https://registry.npmjs.org/micromatch 229ms (cache miss)
277 silly packumentCache full:https://registry.npmjs.org/micromatch set size:undefined disposed:false
278 silly fetch manifest postcss-nested@^6.2.0
279 silly packumentCache full:https://registry.npmjs.org/postcss-nested cache-miss
280 http fetch GET 200 https://registry.npmjs.org/glob-parent 185ms (cache miss)
281 silly packumentCache full:https://registry.npmjs.org/glob-parent set size:undefined disposed:false
282 silly fetch manifest @alloc/quick-lru@^5.2.0
283 silly packumentCache full:https://registry.npmjs.org/@alloc%2fquick-lru cache-miss
284 http fetch GET 200 https://registry.npmjs.org/object-hash 185ms (cache miss)
285 silly packumentCache full:https://registry.npmjs.org/object-hash set size:undefined disposed:false
286 silly fetch manifest postcss-load-config@^4.0.2 || ^5.0 || ^6.0
287 silly packumentCache full:https://registry.npmjs.org/postcss-load-config cache-miss
288 http fetch GET 200 https://registry.npmjs.org/normalize-path 58ms (cache miss)
289 silly packumentCache full:https://registry.npmjs.org/normalize-path set size:undefined disposed:false
290 silly fetch manifest postcss-selector-parser@^6.1.2
291 silly packumentCache full:https://registry.npmjs.org/postcss-selector-parser cache-miss
292 http fetch GET 200 https://registry.npmjs.org/postcss-import 53ms (cache miss)
293 silly packumentCache full:https://registry.npmjs.org/postcss-import set size:undefined disposed:false
294 http fetch GET 200 https://registry.npmjs.org/react-router 777ms (cache miss)
295 silly packumentCache full:https://registry.npmjs.org/react-router set size:undefined disposed:false
296 http fetch GET 200 https://registry.npmjs.org/@alloc%2fquick-lru 88ms (cache miss)
297 silly packumentCache full:https://registry.npmjs.org/@alloc%2fquick-lru set size:undefined disposed:false
298 http fetch GET 200 https://registry.npmjs.org/postcss-load-config 81ms (cache miss)
299 silly packumentCache full:https://registry.npmjs.org/postcss-load-config set size:undefined disposed:false
300 http fetch GET 200 https://registry.npmjs.org/postcss-nested 113ms (cache miss)
301 silly packumentCache full:https://registry.npmjs.org/postcss-nested set size:undefined disposed:false
302 http fetch GET 200 https://registry.npmjs.org/postcss-selector-parser 87ms (cache miss)
303 silly packumentCache full:https://registry.npmjs.org/postcss-selector-parser set size:undefined disposed:false
304 http fetch GET 200 https://registry.npmjs.org/scheduler 886ms (cache miss)
305 silly packumentCache full:https://registry.npmjs.org/scheduler set size:undefined disposed:false
306 silly placeDep ROOT @supabase/auth-js@2.116.0 OK for: @supabase/supabase-js@2.116.0 want: 2.116.0
307 silly placeDep ROOT @supabase/functions-js@2.116.0 OK for: @supabase/supabase-js@2.116.0 want: 2.116.0
308 silly placeDep ROOT @supabase/postgrest-js@2.116.0 OK for: @supabase/supabase-js@2.116.0 want: 2.116.0
309 silly placeDep ROOT @supabase/realtime-js@2.116.0 OK for: @supabase/supabase-js@2.116.0 want: 2.116.0
310 silly placeDep ROOT @supabase/storage-js@2.116.0 OK for: @supabase/supabase-js@2.116.0 want: 2.116.0
311 silly fetch manifest tslib@2.8.1
312 silly packumentCache full:https://registry.npmjs.org/tslib cache-miss
313 silly fetch manifest tslib@2.8.1
314 silly packumentCache full:https://registry.npmjs.org/tslib cache-miss
315 silly fetch manifest tslib@2.8.1
316 silly packumentCache full:https://registry.npmjs.org/tslib cache-miss
317 silly fetch manifest tslib@2.8.1
318 silly packumentCache full:https://registry.npmjs.org/tslib cache-miss
319 silly fetch manifest @supabase/phoenix@0.4.5
320 silly packumentCache full:https://registry.npmjs.org/@supabase%2fphoenix cache-miss
321 silly fetch manifest tslib@2.8.1
322 silly packumentCache full:https://registry.npmjs.org/tslib cache-miss
323 silly fetch manifest iceberg-js@^0.8.1
324 silly packumentCache full:https://registry.npmjs.org/iceberg-js cache-miss
325 http fetch GET 200 https://registry.npmjs.org/iceberg-js 47ms (cache miss)
326 silly packumentCache full:https://registry.npmjs.org/iceberg-js set size:undefined disposed:false
327 http fetch GET 200 https://registry.npmjs.org/tslib 53ms (cache miss)
328 silly packumentCache full:https://registry.npmjs.org/tslib set size:undefined disposed:false
329 http fetch GET 200 https://registry.npmjs.org/@supabase%2fphoenix 53ms (cache miss)
330 silly packumentCache full:https://registry.npmjs.org/@supabase%2fphoenix set size:undefined disposed:false
331 http fetch GET 200 https://registry.npmjs.org/tslib 55ms (cache miss)
332 silly packumentCache full:https://registry.npmjs.org/tslib set size:undefined disposed:false
333 http fetch GET 200 https://registry.npmjs.org/tslib 56ms (cache miss)
334 silly packumentCache full:https://registry.npmjs.org/tslib set size:undefined disposed:false
335 http fetch GET 200 https://registry.npmjs.org/tslib 61ms (cache miss)
336 silly packumentCache full:https://registry.npmjs.org/tslib set size:undefined disposed:false
337 http fetch GET 200 https://registry.npmjs.org/tslib 76ms (cache miss)
338 silly packumentCache full:https://registry.npmjs.org/tslib set size:undefined disposed:false
339 silly placeDep ROOT tslib@2.8.1 OK for: @supabase/auth-js@2.116.0 want: 2.8.1
340 silly placeDep ROOT @supabase/phoenix@0.4.5 OK for: @supabase/realtime-js@2.116.0 want: 0.4.5
341 silly placeDep ROOT iceberg-js@0.8.1 OK for: @supabase/storage-js@2.116.0 want: ^0.8.1
342 silly placeDep ROOT @types/prop-types@15.7.15 OK for: @types/react@18.3.31 want: *
343 silly placeDep ROOT csstype@3.2.3 OK for: @types/react@18.3.31 want: ^3.2.2
344 silly placeDep ROOT @babel/core@7.29.7 OK for: @vitejs/plugin-react@4.7.0 want: ^7.28.0
345 silly placeDep ROOT @babel/plugin-transform-react-jsx-self@7.29.7 OK for: @vitejs/plugin-react@4.7.0 want: ^7.27.1
346 silly placeDep ROOT @babel/plugin-transform-react-jsx-source@7.29.7 OK for: @vitejs/plugin-react@4.7.0 want: ^7.27.1
347 silly placeDep ROOT @rolldown/pluginutils@1.0.0-beta.27 OK for: @vitejs/plugin-react@4.7.0 want: 1.0.0-beta.27
348 silly placeDep ROOT @types/babel__core@7.20.5 OK for: @vitejs/plugin-react@4.7.0 want: ^7.20.5
349 silly placeDep ROOT react-refresh@0.17.0 OK for: @vitejs/plugin-react@4.7.0 want: ^0.17.0
350 silly fetch manifest debug@^4.1.0
351 silly packumentCache full:https://registry.npmjs.org/debug cache-miss
352 silly fetch manifest json5@^2.2.3
353 silly packumentCache full:https://registry.npmjs.org/json5 cache-miss
354 silly fetch manifest semver@^6.3.1
355 silly packumentCache full:https://registry.npmjs.org/semver cache-miss
356 silly fetch manifest gensync@^1.0.0-beta.2
357 silly packumentCache full:https://registry.npmjs.org/gensync cache-miss
358 silly fetch manifest @babel/types@^7.29.7
359 silly packumentCache full:https://registry.npmjs.org/@babel%2ftypes cache-miss
360 silly fetch manifest @babel/parser@^7.29.7
361 silly packumentCache full:https://registry.npmjs.org/@babel%2fparser cache-miss
362 silly fetch manifest @babel/helpers@^7.29.7
363 silly packumentCache full:https://registry.npmjs.org/@babel%2fhelpers cache-miss
364 http fetch GET 200 https://registry.npmjs.org/gensync 43ms (cache miss)
365 silly packumentCache full:https://registry.npmjs.org/gensync set size:undefined disposed:false
366 silly fetch manifest @babel/template@^7.29.7
367 silly packumentCache full:https://registry.npmjs.org/@babel%2ftemplate cache-miss
368 http fetch GET 200 https://registry.npmjs.org/json5 51ms (cache miss)
369 silly packumentCache full:https://registry.npmjs.org/json5 set size:undefined disposed:false
370 silly fetch manifest @babel/traverse@^7.29.7
371 silly packumentCache full:https://registry.npmjs.org/@babel%2ftraverse cache-miss
372 http fetch GET 200 https://registry.npmjs.org/debug 58ms (cache miss)
373 silly packumentCache full:https://registry.npmjs.org/debug set size:undefined disposed:false
374 silly fetch manifest @babel/generator@^7.29.7
375 silly packumentCache full:https://registry.npmjs.org/@babel%2fgenerator cache-miss
376 http fetch GET 200 https://registry.npmjs.org/semver 69ms (cache miss)
377 silly packumentCache full:https://registry.npmjs.org/semver set size:undefined disposed:false
378 silly fetch manifest @babel/code-frame@^7.29.7
379 silly packumentCache full:https://registry.npmjs.org/@babel%2fcode-frame cache-miss
380 http fetch GET 200 https://registry.npmjs.org/@babel%2ftypes 128ms (cache miss)
381 silly packumentCache full:https://registry.npmjs.org/@babel%2ftypes set size:undefined disposed:false
382 silly fetch manifest convert-source-map@^2.0.0
383 silly packumentCache full:https://registry.npmjs.org/convert-source-map cache-miss
384 http fetch GET 200 https://registry.npmjs.org/@babel%2ftemplate 105ms (cache miss)
385 silly packumentCache full:https://registry.npmjs.org/@babel%2ftemplate set size:undefined disposed:false
386 silly fetch manifest @jridgewell/remapping@^2.3.5
387 silly packumentCache full:https://registry.npmjs.org/@jridgewell%2fremapping cache-miss
388 http fetch GET 200 https://registry.npmjs.org/@babel%2fcode-frame 119ms (cache miss)
389 silly packumentCache full:https://registry.npmjs.org/@babel%2fcode-frame set size:undefined disposed:false
390 silly fetch manifest @babel/helper-module-transforms@^7.29.7
391 silly packumentCache full:https://registry.npmjs.org/@babel%2fhelper-module-transforms cache-miss
392 http fetch GET 200 https://registry.npmjs.org/@babel%2fhelpers 206ms (cache miss)
393 silly packumentCache full:https://registry.npmjs.org/@babel%2fhelpers set size:undefined disposed:false
394 silly fetch manifest @babel/helper-compilation-targets@^7.29.7
395 silly packumentCache full:https://registry.npmjs.org/@babel%2fhelper-compilation-targets cache-miss
396 http fetch GET 200 https://registry.npmjs.org/@babel%2fparser 216ms (cache miss)
397 silly packumentCache full:https://registry.npmjs.org/@babel%2fparser set size:undefined disposed:false
398 silly fetch manifest @babel/helper-plugin-utils@^7.29.7
399 silly packumentCache full:https://registry.npmjs.org/@babel%2fhelper-plugin-utils cache-miss
400 http fetch GET 200 https://registry.npmjs.org/@babel%2ftraverse 175ms (cache miss)
401 silly packumentCache full:https://registry.npmjs.org/@babel%2ftraverse set size:undefined disposed:false
402 silly fetch manifest @babel/helper-plugin-utils@^7.29.7
403 silly packumentCache full:https://registry.npmjs.org/@babel%2fhelper-plugin-utils cache-miss
404 http fetch GET 200 https://registry.npmjs.org/@babel%2fgenerator 192ms (cache miss)
405 silly packumentCache full:https://registry.npmjs.org/@babel%2fgenerator set size:undefined disposed:false
406 silly fetch manifest @babel/types@^7.20.7
407 silly packumentCache full:https://registry.npmjs.org/@babel%2ftypes cache-miss
408 http fetch GET 200 https://registry.npmjs.org/convert-source-map 122ms (cache miss)
409 silly packumentCache full:https://registry.npmjs.org/convert-source-map set size:undefined disposed:false
410 silly fetch manifest @babel/parser@^7.20.7
411 silly packumentCache full:https://registry.npmjs.org/@babel%2fparser cache-miss
412 http fetch GET 200 https://registry.npmjs.org/@jridgewell%2fremapping 130ms (cache miss)
413 silly packumentCache full:https://registry.npmjs.org/@jridgewell%2fremapping set size:undefined disposed:false
414 silly fetch manifest @types/babel__template@*
415 silly packumentCache full:https://registry.npmjs.org/@types%2fbabel__template cache-miss
416 http cache https://registry.npmjs.org/@babel%2ftypes 37ms (cache hit)
417 silly packumentCache full:https://registry.npmjs.org/@babel%2ftypes set size:507562 disposed:false
418 silly fetch manifest @types/babel__traverse@*
419 silly packumentCache full:https://registry.npmjs.org/@types%2fbabel__traverse cache-miss
420 http cache https://registry.npmjs.org/@babel%2fparser 53ms (cache hit)
421 silly packumentCache full:https://registry.npmjs.org/@babel%2fparser set size:745724 disposed:false
422 silly fetch manifest @types/babel__generator@*
423 silly packumentCache full:https://registry.npmjs.org/@types%2fbabel__generator cache-miss
424 http fetch GET 200 https://registry.npmjs.org/@babel%2fhelper-compilation-targets 126ms (cache miss)
425 silly packumentCache full:https://registry.npmjs.org/@babel%2fhelper-compilation-targets set size:undefined disposed:false
426 http fetch GET 200 https://registry.npmjs.org/@babel%2fhelper-module-transforms 152ms (cache miss)
427 silly packumentCache full:https://registry.npmjs.org/@babel%2fhelper-module-transforms set size:undefined disposed:false
428 http fetch GET 200 https://registry.npmjs.org/@babel%2fhelper-plugin-utils 126ms (cache miss)
429 silly packumentCache full:https://registry.npmjs.org/@babel%2fhelper-plugin-utils set size:undefined disposed:false
430 http fetch GET 200 https://registry.npmjs.org/@types%2fbabel__template 72ms (cache miss)
431 silly packumentCache full:https://registry.npmjs.org/@types%2fbabel__template set size:undefined disposed:false
432 http fetch GET 200 https://registry.npmjs.org/@types%2fbabel__traverse 55ms (cache miss)
433 silly packumentCache full:https://registry.npmjs.org/@types%2fbabel__traverse set size:undefined disposed:false
434 http fetch GET 200 https://registry.npmjs.org/@babel%2fhelper-plugin-utils 130ms (cache miss)
435 silly packumentCache full:https://registry.npmjs.org/@babel%2fhelper-plugin-utils set size:undefined disposed:false
436 http fetch GET 200 https://registry.npmjs.org/@types%2fbabel__generator 43ms (cache miss)
437 silly packumentCache full:https://registry.npmjs.org/@types%2fbabel__generator set size:undefined disposed:false
438 silly fetch manifest @babel/core@^7.0.0
439 silly packumentCache full:https://registry.npmjs.org/@babel%2fcore cache-miss
440 http cache https://registry.npmjs.org/@babel%2fcore 8ms (cache hit)
441 silly packumentCache full:https://registry.npmjs.org/@babel%2fcore set size:797193 disposed:false
442 silly placeDep ROOT @babel/code-frame@7.29.7 OK for: @babel/core@7.29.7 want: ^7.29.7
443 silly placeDep ROOT @babel/generator@7.29.8 OK for: @babel/core@7.29.7 want: ^7.29.7
444 silly placeDep ROOT @babel/helper-compilation-targets@7.29.7 OK for: @babel/core@7.29.7 want: ^7.29.7
445 silly placeDep ROOT @babel/helper-module-transforms@7.29.7 OK for: @babel/core@7.29.7 want: ^7.29.7
446 silly placeDep ROOT @babel/helpers@7.29.7 OK for: @babel/core@7.29.7 want: ^7.29.7
447 silly placeDep ROOT @babel/parser@7.29.9 OK for: @babel/core@7.29.7 want: ^7.29.7
448 silly placeDep ROOT @babel/template@7.29.7 OK for: @babel/core@7.29.7 want: ^7.29.7
449 silly placeDep ROOT @babel/traverse@7.29.8 OK for: @babel/core@7.29.7 want: ^7.29.7
450 silly placeDep ROOT @babel/types@7.29.8 OK for: @babel/core@7.29.7 want: ^7.29.7
451 silly placeDep ROOT @jridgewell/remapping@2.3.5 OK for: @babel/core@7.29.7 want: ^2.3.5
452 silly placeDep ROOT convert-source-map@2.0.0 OK for: @babel/core@7.29.7 want: ^2.0.0
453 silly placeDep ROOT debug@4.4.3 OK for: @babel/core@7.29.7 want: ^4.1.0
454 silly placeDep ROOT gensync@1.0.0-beta.2 OK for: @babel/core@7.29.7 want: ^1.0.0-beta.2
455 silly placeDep ROOT json5@2.2.3 OK for: @babel/core@7.29.7 want: ^2.2.3
456 silly placeDep ROOT semver@6.3.1 OK for: @babel/core@7.29.7 want: ^6.3.1
457 silly fetch manifest js-tokens@^4.0.0
458 silly packumentCache full:https://registry.npmjs.org/js-tokens cache-miss
459 silly fetch manifest @babel/helper-validator-identifier@^7.29.7
460 silly packumentCache full:https://registry.npmjs.org/@babel%2fhelper-validator-identifier cache-miss
461 silly fetch manifest jsesc@^3.0.2
462 silly packumentCache full:https://registry.npmjs.org/jsesc cache-miss
463 silly fetch manifest @babel/types@^7.29.8
464 silly packumentCache full:https://registry.npmjs.org/@babel%2ftypes cache-hit
465 silly fetch manifest @babel/parser@^7.29.8
466 silly packumentCache full:https://registry.npmjs.org/@babel%2fparser cache-hit
467 silly fetch manifest @jridgewell/gen-mapping@^0.3.12
468 silly packumentCache full:https://registry.npmjs.org/@jridgewell%2fgen-mapping cache-miss
469 silly fetch manifest @jridgewell/trace-mapping@^0.3.28
470 silly packumentCache full:https://registry.npmjs.org/@jridgewell%2ftrace-mapping cache-miss
471 silly fetch manifest lru-cache@^5.1.1
472 silly packumentCache full:https://registry.npmjs.org/lru-cache cache-miss
473 silly fetch manifest browserslist@^4.24.0
474 silly packumentCache full:https://registry.npmjs.org/browserslist cache-miss
475 http cache https://registry.npmjs.org/browserslist 34ms (cache hit)
476 silly packumentCache full:https://registry.npmjs.org/browserslist set size:523370 disposed:false
477 silly fetch manifest @babel/compat-data@^7.29.7
478 silly packumentCache full:https://registry.npmjs.org/@babel%2fcompat-data cache-miss
479 http fetch GET 200 https://registry.npmjs.org/js-tokens 85ms (cache miss)
480 silly packumentCache full:https://registry.npmjs.org/js-tokens set size:undefined disposed:false
481 silly fetch manifest @babel/helper-validator-option@^7.29.7
482 silly packumentCache full:https://registry.npmjs.org/@babel%2fhelper-validator-option cache-miss
483 http fetch GET 200 https://registry.npmjs.org/@jridgewell%2fgen-mapping 95ms (cache miss)
484 silly packumentCache full:https://registry.npmjs.org/@jridgewell%2fgen-mapping set size:undefined disposed:false
485 silly fetch manifest @babel/helper-module-imports@^7.29.7
486 silly packumentCache full:https://registry.npmjs.org/@babel%2fhelper-module-imports cache-miss
487 http fetch GET 200 https://registry.npmjs.org/jsesc 104ms (cache miss)
488 silly packumentCache full:https://registry.npmjs.org/jsesc set size:undefined disposed:false
489 silly fetch manifest @babel/helper-validator-identifier@^7.29.7
490 silly packumentCache full:https://registry.npmjs.org/@babel%2fhelper-validator-identifier cache-miss
491 http fetch GET 200 https://registry.npmjs.org/@babel%2fhelper-validator-identifier 120ms (cache miss)
492 silly packumentCache full:https://registry.npmjs.org/@babel%2fhelper-validator-identifier set size:undefined disposed:false
493 silly fetch manifest debug@^4.3.1
494 silly packumentCache full:https://registry.npmjs.org/debug cache-miss
495 http fetch GET 200 https://registry.npmjs.org/@jridgewell%2ftrace-mapping 122ms (cache miss)
496 silly packumentCache full:https://registry.npmjs.org/@jridgewell%2ftrace-mapping set size:undefined disposed:false
497 silly fetch manifest @babel/helper-globals@^7.29.7
498 silly packumentCache full:https://registry.npmjs.org/@babel%2fhelper-globals cache-miss
499 http cache https://registry.npmjs.org/@babel%2fhelper-validator-identifier 58ms (cache hit)
500 silly packumentCache full:https://registry.npmjs.org/@babel%2fhelper-validator-identifier set size:132572 disposed:false
501 silly fetch manifest @babel/helper-string-parser@^7.29.7
502 silly packumentCache full:https://registry.npmjs.org/@babel%2fhelper-string-parser cache-miss
503 http cache https://registry.npmjs.org/debug 52ms (cache hit)
504 silly packumentCache full:https://registry.npmjs.org/debug set size:195840 disposed:false
505 silly fetch manifest @jridgewell/gen-mapping@^0.3.5
506 silly packumentCache full:https://registry.npmjs.org/@jridgewell%2fgen-mapping cache-miss
507 http fetch GET 200 https://registry.npmjs.org/@babel%2fhelper-validator-option 121ms (cache miss)
508 silly packumentCache full:https://registry.npmjs.org/@babel%2fhelper-validator-option set size:undefined disposed:false
509 silly fetch manifest @jridgewell/trace-mapping@^0.3.24
510 silly packumentCache full:https://registry.npmjs.org/@jridgewell%2ftrace-mapping cache-miss
511 http fetch GET 200 https://registry.npmjs.org/@babel%2fcompat-data 199ms (cache miss)
512 silly packumentCache full:https://registry.npmjs.org/@babel%2fcompat-data set size:undefined disposed:false
513 silly fetch manifest ms@^2.1.3
514 silly packumentCache full:https://registry.npmjs.org/ms cache-miss
515 http cache https://registry.npmjs.org/@jridgewell%2fgen-mapping 75ms (cache hit)
516 silly packumentCache full:https://registry.npmjs.org/@jridgewell%2fgen-mapping set size:75941 disposed:false
517 http fetch GET 200 https://registry.npmjs.org/@babel%2fhelper-globals 131ms (cache miss)
518 silly packumentCache full:https://registry.npmjs.org/@babel%2fhelper-globals set size:undefined disposed:false
519 http fetch GET 200 https://registry.npmjs.org/@babel%2fhelper-module-imports 164ms (cache miss)
520 silly packumentCache full:https://registry.npmjs.org/@babel%2fhelper-module-imports set size:undefined disposed:false
521 http cache https://registry.npmjs.org/@jridgewell%2ftrace-mapping 61ms (cache hit)
522 silly packumentCache full:https://registry.npmjs.org/@jridgewell%2ftrace-mapping set size:170909 disposed:false
523 http fetch GET 200 https://registry.npmjs.org/lru-cache 268ms (cache miss)
524 silly packumentCache full:https://registry.npmjs.org/lru-cache set size:undefined disposed:false
525 http fetch GET 200 https://registry.npmjs.org/@babel%2fhelper-string-parser 112ms (cache miss)
526 silly packumentCache full:https://registry.npmjs.org/@babel%2fhelper-string-parser set size:undefined disposed:false
527 http fetch GET 200 https://registry.npmjs.org/ms 35ms (cache miss)
528 silly packumentCache full:https://registry.npmjs.org/ms set size:undefined disposed:false
529 silly placeDep ROOT @babel/helper-validator-identifier@7.29.7 OK for: @babel/code-frame@7.29.7 want: ^7.29.7
530 silly placeDep ROOT js-tokens@4.0.0 OK for: @babel/code-frame@7.29.7 want: ^4.0.0
531 silly placeDep ROOT picocolors@1.1.1 OK for: @babel/code-frame@7.29.7 want: ^1.1.1
532 silly placeDep ROOT @jridgewell/gen-mapping@0.3.13 OK for: @babel/generator@7.29.8 want: ^0.3.12
533 silly placeDep ROOT @jridgewell/trace-mapping@0.3.31 OK for: @babel/generator@7.29.8 want: ^0.3.28
534 silly placeDep ROOT jsesc@3.1.0 OK for: @babel/generator@7.29.8 want: ^3.0.2
535 silly fetch manifest @jridgewell/sourcemap-codec@^1.5.0
536 silly packumentCache full:https://registry.npmjs.org/@jridgewell%2fsourcemap-codec cache-miss
537 silly fetch manifest @jridgewell/resolve-uri@^3.1.0
538 silly packumentCache full:https://registry.npmjs.org/@jridgewell%2fresolve-uri cache-miss
539 silly fetch manifest @jridgewell/sourcemap-codec@^1.4.14
540 silly packumentCache full:https://registry.npmjs.org/@jridgewell%2fsourcemap-codec cache-miss
541 http fetch GET 200 https://registry.npmjs.org/@jridgewell%2fsourcemap-codec 46ms (cache miss)
542 silly packumentCache full:https://registry.npmjs.org/@jridgewell%2fsourcemap-codec set size:undefined disposed:false
543 http fetch GET 200 https://registry.npmjs.org/@jridgewell%2fresolve-uri 58ms (cache miss)
544 silly packumentCache full:https://registry.npmjs.org/@jridgewell%2fresolve-uri set size:undefined disposed:false
545 http fetch GET 200 https://registry.npmjs.org/@jridgewell%2fsourcemap-codec 68ms (cache miss)
546 silly packumentCache full:https://registry.npmjs.org/@jridgewell%2fsourcemap-codec set size:undefined disposed:false
547 silly placeDep ROOT @babel/compat-data@7.29.7 OK for: @babel/helper-compilation-targets@7.29.7 want: ^7.29.7
548 silly placeDep ROOT @babel/helper-validator-option@7.29.7 OK for: @babel/helper-compilation-targets@7.29.7 want: ^7.29.7
549 silly placeDep ROOT browserslist@4.29.0 OK for: @babel/helper-compilation-targets@7.29.7 want: ^4.24.0
550 silly placeDep ROOT lru-cache@5.1.1 OK for: @babel/helper-compilation-targets@7.29.7 want: ^5.1.1
551 silly fetch manifest node-releases@^2.0.55
552 silly packumentCache full:https://registry.npmjs.org/node-releases cache-miss
553 silly fetch manifest electron-to-chromium@^1.5.427
554 silly packumentCache full:https://registry.npmjs.org/electron-to-chromium cache-miss
555 silly fetch manifest update-browserslist-db@^1.3.3
556 silly packumentCache full:https://registry.npmjs.org/update-browserslist-db cache-miss
557 silly fetch manifest baseline-browser-mapping@^2.11.23
558 silly packumentCache full:https://registry.npmjs.org/baseline-browser-mapping cache-miss
559 silly fetch manifest yallist@^3.0.2
560 silly packumentCache full:https://registry.npmjs.org/yallist cache-miss
561 http fetch GET 200 https://registry.npmjs.org/yallist 32ms (cache miss)
562 silly packumentCache full:https://registry.npmjs.org/yallist set size:undefined disposed:false
563 http fetch GET 200 https://registry.npmjs.org/update-browserslist-db 36ms (cache miss)
564 silly packumentCache full:https://registry.npmjs.org/update-browserslist-db set size:undefined disposed:false
565 http fetch GET 200 https://registry.npmjs.org/baseline-browser-mapping 59ms (cache miss)
566 silly packumentCache full:https://registry.npmjs.org/baseline-browser-mapping set size:undefined disposed:false
567 http fetch GET 200 https://registry.npmjs.org/node-releases 94ms (cache miss)
568 silly packumentCache full:https://registry.npmjs.org/node-releases set size:undefined disposed:false
569 http fetch GET 200 https://registry.npmjs.org/electron-to-chromium 204ms (cache miss)
570 silly packumentCache full:https://registry.npmjs.org/electron-to-chromium set size:undefined disposed:false
571 silly placeDep ROOT @babel/helper-module-imports@7.29.7 OK for: @babel/helper-module-transforms@7.29.7 want: ^7.29.7
572 silly placeDep ROOT @babel/helper-plugin-utils@7.29.7 OK for: @babel/plugin-transform-react-jsx-self@7.29.7 want: ^7.29.7
573 silly placeDep ROOT @babel/helper-globals@7.29.7 OK for: @babel/traverse@7.29.8 want: ^7.29.7
574 silly placeDep ROOT @babel/helper-string-parser@7.29.7 OK for: @babel/types@7.29.8 want: ^7.29.7
575 silly placeDep ROOT @jridgewell/sourcemap-codec@1.6.0 OK for: @jridgewell/gen-mapping@0.3.13 want: ^1.5.0
576 silly placeDep ROOT @jridgewell/resolve-uri@3.1.2 OK for: @jridgewell/trace-mapping@0.3.31 want: ^3.1.0
577 silly placeDep ROOT @types/babel__generator@7.27.0 OK for: @types/babel__core@7.20.5 want: *
578 silly placeDep ROOT @types/babel__template@7.4.4 OK for: @types/babel__core@7.20.5 want: *
579 silly placeDep ROOT @types/babel__traverse@7.28.0 OK for: @types/babel__core@7.20.5 want: *
580 silly placeDep ROOT caniuse-lite@1.0.30001810 OK for: autoprefixer@10.6.1 want: ^1.0.30001810
581 silly placeDep ROOT fraction.js@5.3.4 OK for: autoprefixer@10.6.1 want: ^5.3.4
582 silly placeDep ROOT postcss-value-parser@4.2.0 OK for: autoprefixer@10.6.1 want: ^4.2.0
583 silly fetch manifest browserslist@>= 4.21.0
584 silly packumentCache full:https://registry.npmjs.org/browserslist cache-hit
585 silly placeDep ROOT baseline-browser-mapping@2.11.25 OK for: browserslist@4.29.0 want: ^2.11.23
586 silly placeDep ROOT electron-to-chromium@1.5.432 OK for: browserslist@4.29.0 want: ^1.5.427
587 silly placeDep ROOT node-releases@2.0.56 OK for: browserslist@4.29.0 want: ^2.0.55
588 silly placeDep ROOT update-browserslist-db@1.3.3 OK for: browserslist@4.29.0 want: ^1.3.3
589 silly fetch manifest escalade@^3.2.0
590 silly packumentCache full:https://registry.npmjs.org/escalade cache-miss
591 http fetch GET 200 https://registry.npmjs.org/escalade 39ms (cache miss)
592 silly packumentCache full:https://registry.npmjs.org/escalade set size:undefined disposed:false
593 silly placeDep ROOT ms@2.1.3 OK for: debug@4.4.3 want: ^2.1.3
594 silly placeDep ROOT yallist@3.1.1 OK for: lru-cache@5.1.1 want: ^3.0.2
595 silly placeDep ROOT nanoid@3.3.19 OK for: postcss@8.5.28 want: ^3.3.18
596 silly placeDep ROOT source-map-js@1.2.1 OK for: postcss@8.5.28 want: ^1.2.1
597 silly placeDep ROOT loose-envify@1.4.0 OK for: react@18.3.1 want: ^1.1.0
598 silly placeDep ROOT scheduler@0.23.2 OK for: react-dom@18.3.1 want: ^0.23.2
599 silly fetch manifest react@>=16.8
600 silly packumentCache full:https://registry.npmjs.org/react cache-miss
601 http cache https://registry.npmjs.org/react 45ms (cache hit)
602 silly packumentCache full:https://registry.npmjs.org/react set size:6997055 disposed:false
603 silly placeDep ROOT @remix-run/router@1.23.4 OK for: react-router-dom@6.30.6 want: 1.23.4
604 silly placeDep ROOT react-router@6.30.6 OK for: react-router-dom@6.30.6 want: 6.30.6
605 silly fetch manifest postcss@^8.4.47
606 silly packumentCache full:https://registry.npmjs.org/postcss cache-hit
607 silly fetch manifest tsx@^4.8.1
608 silly packumentCache full:https://registry.npmjs.org/tsx cache-miss
609 http fetch GET 200 https://registry.npmjs.org/tsx 105ms (cache miss)
610 silly packumentCache full:https://registry.npmjs.org/tsx set size:undefined disposed:false
611 silly fetch manifest yaml@^2.4.2
612 silly packumentCache full:https://registry.npmjs.org/yaml cache-miss
613 http fetch GET 200 https://registry.npmjs.org/yaml 52ms (cache miss)
614 silly packumentCache full:https://registry.npmjs.org/yaml set size:undefined disposed:false
615 silly placeDep ROOT @alloc/quick-lru@5.3.0 OK for: tailwindcss@3.4.19 want: ^5.2.0
616 silly placeDep ROOT arg@5.0.2 OK for: tailwindcss@3.4.19 want: ^5.0.2
617 silly placeDep ROOT chokidar@3.6.0 OK for: tailwindcss@3.4.19 want: ^3.6.0
618 silly placeDep ROOT didyoumean@1.2.2 OK for: tailwindcss@3.4.19 want: ^1.2.2
619 silly placeDep ROOT dlv@1.1.3 OK for: tailwindcss@3.4.19 want: ^1.1.3
620 silly placeDep ROOT fast-glob@3.3.3 OK for: tailwindcss@3.4.19 want: ^3.3.2
621 silly placeDep ROOT glob-parent@6.0.2 OK for: tailwindcss@3.4.19 want: ^6.0.2
622 silly placeDep ROOT is-glob@4.0.3 OK for: tailwindcss@3.4.19 want: ^4.0.3
623 silly placeDep ROOT jiti@1.21.7 OK for: tailwindcss@3.4.19 want: ^1.21.7
624 silly placeDep ROOT lilconfig@3.1.3 OK for: tailwindcss@3.4.19 want: ^3.1.3
625 silly placeDep ROOT micromatch@4.0.8 OK for: tailwindcss@3.4.19 want: ^4.0.8
626 silly placeDep ROOT normalize-path@3.0.0 OK for: tailwindcss@3.4.19 want: ^3.0.0
627 silly placeDep ROOT object-hash@3.0.0 OK for: tailwindcss@3.4.19 want: ^3.0.0
628 silly placeDep ROOT postcss-import@15.1.0 OK for: tailwindcss@3.4.19 want: ^15.1.0
629 silly placeDep ROOT postcss-js@4.1.0 OK for: tailwindcss@3.4.19 want: ^4.0.1
630 silly placeDep ROOT postcss-load-config@6.0.1 OK for: tailwindcss@3.4.19 want: ^4.0.2 || ^5.0 || ^6.0
631 silly placeDep ROOT postcss-nested@6.2.0 OK for: tailwindcss@3.4.19 want: ^6.2.0
632 silly placeDep ROOT postcss-selector-parser@6.1.4 OK for: tailwindcss@3.4.19 want: ^6.1.2
633 silly placeDep ROOT resolve@1.22.12 OK for: tailwindcss@3.4.19 want: ^1.22.8
634 silly placeDep ROOT sucrase@3.35.1 OK for: tailwindcss@3.4.19 want: ^3.35.0
635 silly fetch manifest braces@~3.0.2
636 silly packumentCache full:https://registry.npmjs.org/braces cache-miss
637 silly fetch manifest is-glob@~4.0.1
638 silly packumentCache full:https://registry.npmjs.org/is-glob cache-miss
639 silly fetch manifest anymatch@~3.1.2
640 silly packumentCache full:https://registry.npmjs.org/anymatch cache-miss
641 silly fetch manifest readdirp@~3.6.0
642 silly packumentCache full:https://registry.npmjs.org/readdirp cache-miss
643 silly fetch manifest glob-parent@~5.1.2
644 silly packumentCache full:https://registry.npmjs.org/glob-parent cache-miss
645 silly fetch manifest is-binary-path@~2.1.0
646 silly packumentCache full:https://registry.npmjs.org/is-binary-path cache-miss
647 silly fetch manifest normalize-path@~3.0.0
648 silly packumentCache full:https://registry.npmjs.org/normalize-path cache-miss
649 http cache https://registry.npmjs.org/is-glob 35ms (cache hit)
650 silly packumentCache full:https://registry.npmjs.org/is-glob set size:40530 disposed:false
651 silly fetch manifest fsevents@~2.3.2
652 silly packumentCache full:https://registry.npmjs.org/fsevents cache-miss
653 http cache https://registry.npmjs.org/normalize-path 36ms (cache hit)
654 silly packumentCache full:https://registry.npmjs.org/normalize-path set size:28713 disposed:false
655 silly fetch manifest @nodelib/fs.stat@^2.0.2
656 silly packumentCache full:https://registry.npmjs.org/@nodelib%2ffs.stat cache-miss
657 http cache https://registry.npmjs.org/glob-parent 41ms (cache hit)
658 silly packumentCache full:https://registry.npmjs.org/glob-parent set size:42445 disposed:false
659 silly fetch manifest @nodelib/fs.walk@^1.2.3
660 silly packumentCache full:https://registry.npmjs.org/@nodelib%2ffs.walk cache-miss
661 http cache https://registry.npmjs.org/fsevents 18ms (cache hit)
662 silly packumentCache full:https://registry.npmjs.org/fsevents set size:182472 disposed:false
663 silly fetch manifest glob-parent@^5.1.2
664 silly packumentCache full:https://registry.npmjs.org/glob-parent cache-hit
665 silly fetch manifest merge2@^1.3.0
666 silly packumentCache full:https://registry.npmjs.org/merge2 cache-miss
667 http fetch GET 200 https://registry.npmjs.org/is-binary-path 60ms (cache miss)
668 silly packumentCache full:https://registry.npmjs.org/is-binary-path set size:undefined disposed:false
669 silly fetch manifest is-extglob@^2.1.1
670 silly packumentCache full:https://registry.npmjs.org/is-extglob cache-miss
671 http fetch GET 200 https://registry.npmjs.org/anymatch 69ms (cache miss)
672 silly packumentCache full:https://registry.npmjs.org/anymatch set size:undefined disposed:false
673 silly fetch manifest braces@^3.0.3
674 silly packumentCache full:https://registry.npmjs.org/braces cache-miss
675 http fetch GET 200 https://registry.npmjs.org/braces 76ms (cache miss)
676 silly packumentCache full:https://registry.npmjs.org/braces set size:undefined disposed:false
677 silly fetch manifest picomatch@^2.3.1
678 silly packumentCache full:https://registry.npmjs.org/picomatch cache-miss
679 http fetch GET 200 https://registry.npmjs.org/readdirp 86ms (cache miss)
680 silly packumentCache full:https://registry.npmjs.org/readdirp set size:undefined disposed:false
681 silly fetch manifest resolve@^1.1.7
682 silly packumentCache full:https://registry.npmjs.org/resolve cache-miss
683 http fetch GET 200 https://registry.npmjs.org/@nodelib%2ffs.stat 76ms (cache miss)
684 silly packumentCache full:https://registry.npmjs.org/@nodelib%2ffs.stat set size:undefined disposed:false
685 silly fetch manifest read-cache@^1.0.0
686 silly packumentCache full:https://registry.npmjs.org/read-cache cache-miss
687 http fetch GET 200 https://registry.npmjs.org/is-extglob 59ms (cache miss)
688 silly packumentCache full:https://registry.npmjs.org/is-extglob set size:undefined disposed:false
689 silly fetch manifest camelcase-css@^2.0.1
690 silly packumentCache full:https://registry.npmjs.org/camelcase-css cache-miss
691 http cache https://registry.npmjs.org/resolve 34ms (cache hit)
692 silly packumentCache full:https://registry.npmjs.org/resolve set size:244568 disposed:false
693 silly fetch manifest postcss-selector-parser@^6.1.1
694 silly packumentCache full:https://registry.npmjs.org/postcss-selector-parser cache-miss
695 http fetch GET 200 https://registry.npmjs.org/merge2 73ms (cache miss)
696 silly packumentCache full:https://registry.npmjs.org/merge2 set size:undefined disposed:false
697 silly fetch manifest cssesc@^3.0.0
698 silly packumentCache full:https://registry.npmjs.org/cssesc cache-miss
699 http fetch GET 200 https://registry.npmjs.org/@nodelib%2ffs.walk 96ms (cache miss)
700 silly packumentCache full:https://registry.npmjs.org/@nodelib%2ffs.walk set size:undefined disposed:false
701 silly fetch manifest util-deprecate@^1.0.2
702 silly packumentCache full:https://registry.npmjs.org/util-deprecate cache-miss
703 http fetch GET 200 https://registry.npmjs.org/braces 77ms (cache miss)
704 silly packumentCache full:https://registry.npmjs.org/braces set size:undefined disposed:false
705 silly fetch manifest es-errors@^1.3.0
706 silly packumentCache full:https://registry.npmjs.org/es-errors cache-miss
707 http fetch GET 200 https://registry.npmjs.org/picomatch 81ms (cache miss)
708 silly packumentCache full:https://registry.npmjs.org/picomatch set size:undefined disposed:false
709 silly fetch manifest path-parse@^1.0.7
710 silly packumentCache full:https://registry.npmjs.org/path-parse cache-miss
711 http cache https://registry.npmjs.org/postcss-selector-parser 39ms (cache hit)
712 silly packumentCache full:https://registry.npmjs.org/postcss-selector-parser set size:199901 disposed:false
713 silly fetch manifest is-core-module@^2.16.1
714 silly packumentCache full:https://registry.npmjs.org/is-core-module cache-miss
715 http fetch GET 200 https://registry.npmjs.org/read-cache 65ms (cache miss)
716 silly packumentCache full:https://registry.npmjs.org/read-cache set size:undefined disposed:false
717 silly fetch manifest supports-preserve-symlinks-flag@^1.0.0
718 silly packumentCache full:https://registry.npmjs.org/supports-preserve-symlinks-flag cache-miss
719 http fetch GET 200 https://registry.npmjs.org/camelcase-css 63ms (cache miss)
720 silly packumentCache full:https://registry.npmjs.org/camelcase-css set size:undefined disposed:false
721 silly fetch manifest commander@^4.0.0
722 silly packumentCache full:https://registry.npmjs.org/commander cache-miss
723 http fetch GET 200 https://registry.npmjs.org/cssesc 63ms (cache miss)
724 silly packumentCache full:https://registry.npmjs.org/cssesc set size:undefined disposed:false
725 silly fetch manifest lines-and-columns@^1.1.6
726 silly packumentCache full:https://registry.npmjs.org/lines-and-columns cache-miss
727 http fetch GET 200 https://registry.npmjs.org/util-deprecate 64ms (cache miss)
728 silly packumentCache full:https://registry.npmjs.org/util-deprecate set size:undefined disposed:false
729 silly fetch manifest mz@^2.7.0
730 silly packumentCache full:https://registry.npmjs.org/mz cache-miss
731 http fetch GET 200 https://registry.npmjs.org/es-errors 64ms (cache miss)
732 silly packumentCache full:https://registry.npmjs.org/es-errors set size:undefined disposed:false
733 silly fetch manifest pirates@^4.0.1
734 silly packumentCache full:https://registry.npmjs.org/pirates cache-miss
735 http fetch GET 200 https://registry.npmjs.org/path-parse 57ms (cache miss)
736 silly packumentCache full:https://registry.npmjs.org/path-parse set size:undefined disposed:false
737 silly fetch manifest tinyglobby@^0.2.11
738 silly packumentCache full:https://registry.npmjs.org/tinyglobby cache-miss
739 http fetch GET 200 https://registry.npmjs.org/is-core-module 50ms (cache miss)
740 silly packumentCache full:https://registry.npmjs.org/is-core-module set size:undefined disposed:false
741 silly fetch manifest ts-interface-checker@^0.1.9
742 silly packumentCache full:https://registry.npmjs.org/ts-interface-checker cache-miss
743 http fetch GET 200 https://registry.npmjs.org/supports-preserve-symlinks-flag 47ms (cache miss)
744 silly packumentCache full:https://registry.npmjs.org/supports-preserve-symlinks-flag set size:undefined disposed:false
745 http fetch GET 200 https://registry.npmjs.org/lines-and-columns 39ms (cache miss)
746 silly packumentCache full:https://registry.npmjs.org/lines-and-columns set size:undefined disposed:false
747 http fetch GET 200 https://registry.npmjs.org/mz 58ms (cache miss)
748 silly packumentCache full:https://registry.npmjs.org/mz set size:undefined disposed:false
749 http fetch GET 200 https://registry.npmjs.org/pirates 53ms (cache miss)
750 silly packumentCache full:https://registry.npmjs.org/pirates set size:undefined disposed:false
751 http fetch GET 200 https://registry.npmjs.org/ts-interface-checker 57ms (cache miss)
752 silly packumentCache full:https://registry.npmjs.org/ts-interface-checker set size:undefined disposed:false
753 http fetch GET 200 https://registry.npmjs.org/tinyglobby 67ms (cache miss)
754 silly packumentCache full:https://registry.npmjs.org/tinyglobby set size:undefined disposed:false
755 http fetch GET 200 https://registry.npmjs.org/commander 96ms (cache miss)
756 silly packumentCache full:https://registry.npmjs.org/commander set size:undefined disposed:false
757 silly placeDep ROOT anymatch@3.1.3 OK for: chokidar@3.6.0 want: ~3.1.2
758 silly placeDep ROOT braces@3.0.3 OK for: chokidar@3.6.0 want: ~3.0.2
759 silly placeDep ROOT fsevents@2.3.3 OK for: chokidar@3.6.0 want: ~2.3.2
760 silly placeDep node_modules/chokidar glob-parent@5.1.2 OK for: chokidar@3.6.0 want: ~5.1.2
761 silly placeDep ROOT is-binary-path@2.1.0 OK for: chokidar@3.6.0 want: ~2.1.0
762 silly placeDep ROOT readdirp@3.6.0 OK for: chokidar@3.6.0 want: ~3.6.0
763 silly fetch manifest picomatch@^2.0.4
764 silly packumentCache full:https://registry.npmjs.org/picomatch cache-miss
765 silly fetch manifest fill-range@^7.1.1
766 silly packumentCache full:https://registry.npmjs.org/fill-range cache-miss
767 silly fetch manifest binary-extensions@^2.0.0
768 silly packumentCache full:https://registry.npmjs.org/binary-extensions cache-miss
769 silly fetch manifest picomatch@^2.2.1
770 silly packumentCache full:https://registry.npmjs.org/picomatch cache-miss
771 http cache https://registry.npmjs.org/picomatch 23ms (cache hit)
772 silly packumentCache full:https://registry.npmjs.org/picomatch set size:134451 disposed:false
773 http cache https://registry.npmjs.org/picomatch 30ms (cache hit)
774 silly packumentCache full:https://registry.npmjs.org/picomatch set size:134451 disposed:false
775 silly packumentCache full:https://registry.npmjs.org/picomatch dispose
776 http fetch GET 200 https://registry.npmjs.org/fill-range 64ms (cache miss)
777 silly packumentCache full:https://registry.npmjs.org/fill-range set size:undefined disposed:false
778 http fetch GET 200 https://registry.npmjs.org/binary-extensions 69ms (cache miss)
779 silly packumentCache full:https://registry.npmjs.org/binary-extensions set size:undefined disposed:false
780 silly placeDep ROOT picomatch@2.3.2 OK for: anymatch@3.1.3 want: ^2.0.4
781 silly placeDep ROOT fill-range@7.1.1 OK for: braces@3.0.3 want: ^7.1.1
782 silly fetch manifest to-regex-range@^5.0.1
783 silly packumentCache full:https://registry.npmjs.org/to-regex-range cache-miss
784 http fetch GET 200 https://registry.npmjs.org/to-regex-range 45ms (cache miss)
785 silly packumentCache full:https://registry.npmjs.org/to-regex-range set size:undefined disposed:false
786 silly placeDep ROOT @nodelib/fs.stat@2.0.5 OK for: fast-glob@3.3.3 want: ^2.0.2
787 silly placeDep ROOT @nodelib/fs.walk@1.2.8 OK for: fast-glob@3.3.3 want: ^1.2.3
788 silly placeDep node_modules/fast-glob glob-parent@5.1.2 OK for: fast-glob@3.3.3 want: ^5.1.2
789 silly placeDep ROOT merge2@1.4.1 OK for: fast-glob@3.3.3 want: ^1.3.0
790 silly fetch manifest fastq@^1.6.0
791 silly packumentCache full:https://registry.npmjs.org/fastq cache-miss
792 silly fetch manifest @nodelib/fs.scandir@2.1.5
793 silly packumentCache full:https://registry.npmjs.org/@nodelib%2ffs.scandir cache-miss
794 http fetch GET 200 https://registry.npmjs.org/fastq 39ms (cache miss)
795 silly packumentCache full:https://registry.npmjs.org/fastq set size:undefined disposed:false
796 http fetch GET 200 https://registry.npmjs.org/@nodelib%2ffs.scandir 44ms (cache miss)
797 silly packumentCache full:https://registry.npmjs.org/@nodelib%2ffs.scandir set size:undefined disposed:false
798 silly placeDep ROOT @nodelib/fs.scandir@2.1.5 OK for: @nodelib/fs.walk@1.2.8 want: 2.1.5
799 silly placeDep ROOT fastq@1.20.3 OK for: @nodelib/fs.walk@1.2.8 want: ^1.6.0
800 silly fetch manifest run-parallel@^1.1.9
801 silly packumentCache full:https://registry.npmjs.org/run-parallel cache-miss
802 silly fetch manifest reusify@^1.0.4
803 silly packumentCache full:https://registry.npmjs.org/reusify cache-miss
804 http fetch GET 200 https://registry.npmjs.org/reusify 31ms (cache miss)
805 silly packumentCache full:https://registry.npmjs.org/reusify set size:undefined disposed:false
806 http fetch GET 200 https://registry.npmjs.org/run-parallel 43ms (cache miss)
807 silly packumentCache full:https://registry.npmjs.org/run-parallel set size:undefined disposed:false
808 silly placeDep ROOT run-parallel@1.2.0 OK for: @nodelib/fs.scandir@2.1.5 want: ^1.1.9
809 silly fetch manifest queue-microtask@^1.2.2
810 silly packumentCache full:https://registry.npmjs.org/queue-microtask cache-miss
811 http fetch GET 200 https://registry.npmjs.org/queue-microtask 27ms (cache miss)
812 silly packumentCache full:https://registry.npmjs.org/queue-microtask set size:undefined disposed:false
813 silly placeDep ROOT reusify@1.1.0 OK for: fastq@1.20.3 want: ^1.0.4
814 silly placeDep ROOT to-regex-range@5.0.1 OK for: fill-range@7.1.1 want: ^5.0.1
815 silly fetch manifest is-number@^7.0.0
816 silly packumentCache full:https://registry.npmjs.org/is-number cache-miss
817 http fetch GET 200 https://registry.npmjs.org/is-number 27ms (cache miss)
818 silly packumentCache full:https://registry.npmjs.org/is-number set size:undefined disposed:false
819 silly placeDep ROOT binary-extensions@2.3.0 OK for: is-binary-path@2.1.0 want: ^2.0.0
820 silly placeDep ROOT is-extglob@2.1.1 OK for: is-glob@4.0.3 want: ^2.1.1
821 silly placeDep ROOT read-cache@1.0.2 OK for: postcss-import@15.1.0 want: ^1.0.0
822 silly placeDep ROOT camelcase-css@2.0.1 OK for: postcss-js@4.1.0 want: ^2.0.1
823 silly placeDep ROOT cssesc@3.0.0 OK for: postcss-selector-parser@6.1.4 want: ^3.0.0
824 silly placeDep ROOT util-deprecate@1.0.2 OK for: postcss-selector-parser@6.1.4 want: ^1.0.2
825 silly placeDep ROOT es-errors@1.3.0 OK for: resolve@1.22.12 want: ^1.3.0
826 silly placeDep ROOT is-core-module@2.17.0 OK for: resolve@1.22.12 want: ^2.16.1
827 silly placeDep ROOT path-parse@1.0.7 OK for: resolve@1.22.12 want: ^1.0.7
828 silly placeDep ROOT supports-preserve-symlinks-flag@1.0.0 OK for: resolve@1.22.12 want: ^1.0.0
829 silly fetch manifest hasown@^2.0.4
830 silly packumentCache full:https://registry.npmjs.org/hasown cache-miss
831 http fetch GET 200 https://registry.npmjs.org/hasown 54ms (cache miss)
832 silly packumentCache full:https://registry.npmjs.org/hasown set size:undefined disposed:false
833 silly placeDep ROOT hasown@2.0.4 OK for: is-core-module@2.17.0 want: ^2.0.4
834 silly fetch manifest function-bind@^1.1.2
835 silly packumentCache full:https://registry.npmjs.org/function-bind cache-miss
836 http fetch GET 200 https://registry.npmjs.org/function-bind 40ms (cache miss)
837 silly packumentCache full:https://registry.npmjs.org/function-bind set size:undefined disposed:false
838 silly placeDep ROOT function-bind@1.1.2 OK for: hasown@2.0.4 want: ^1.1.2
839 silly placeDep ROOT queue-microtask@1.2.3 OK for: run-parallel@1.2.0 want: ^1.2.2
840 silly placeDep ROOT commander@4.1.1 OK for: sucrase@3.35.1 want: ^4.0.0
841 silly placeDep ROOT lines-and-columns@1.2.4 OK for: sucrase@3.35.1 want: ^1.1.6
842 silly placeDep ROOT mz@2.7.0 OK for: sucrase@3.35.1 want: ^2.7.0
843 silly placeDep ROOT pirates@4.0.7 OK for: sucrase@3.35.1 want: ^4.0.1
844 silly placeDep ROOT tinyglobby@0.2.17 OK for: sucrase@3.35.1 want: ^0.2.11
845 silly placeDep ROOT ts-interface-checker@0.1.13 OK for: sucrase@3.35.1 want: ^0.1.9
846 silly fetch manifest any-promise@^1.0.0
847 silly packumentCache full:https://registry.npmjs.org/any-promise cache-miss
848 silly fetch manifest object-assign@^4.0.1
849 silly packumentCache full:https://registry.npmjs.org/object-assign cache-miss
850 silly fetch manifest thenify-all@^1.0.0
851 silly packumentCache full:https://registry.npmjs.org/thenify-all cache-miss
852 silly fetch manifest fdir@^6.5.0
853 silly packumentCache full:https://registry.npmjs.org/fdir cache-miss
854 silly fetch manifest picomatch@^4.0.4
855 silly packumentCache full:https://registry.npmjs.org/picomatch cache-hit
856 http fetch GET 200 https://registry.npmjs.org/any-promise 56ms (cache miss)
857 silly packumentCache full:https://registry.npmjs.org/any-promise set size:undefined disposed:false
858 http fetch GET 200 https://registry.npmjs.org/object-assign 58ms (cache miss)
859 silly packumentCache full:https://registry.npmjs.org/object-assign set size:undefined disposed:false
860 http fetch GET 200 https://registry.npmjs.org/fdir 60ms (cache miss)
861 silly packumentCache full:https://registry.npmjs.org/fdir set size:undefined disposed:false
862 http fetch GET 200 https://registry.npmjs.org/thenify-all 69ms (cache miss)
863 silly packumentCache full:https://registry.npmjs.org/thenify-all set size:undefined disposed:false
864 silly placeDep ROOT any-promise@1.3.0 OK for: mz@2.7.0 want: ^1.0.0
865 silly placeDep ROOT object-assign@4.1.1 OK for: mz@2.7.0 want: ^4.0.1
866 silly placeDep ROOT thenify-all@1.6.0 OK for: mz@2.7.0 want: ^1.0.0
867 silly fetch manifest thenify@>= 3.1.0 < 4
868 silly packumentCache full:https://registry.npmjs.org/thenify cache-miss
869 http fetch GET 200 https://registry.npmjs.org/thenify 39ms (cache miss)
870 silly packumentCache full:https://registry.npmjs.org/thenify set size:undefined disposed:false
871 silly placeDep ROOT thenify@3.3.1 OK for: thenify-all@1.6.0 want: >= 3.1.0 < 4
872 silly placeDep node_modules/tinyglobby fdir@6.5.0 OK for: tinyglobby@0.2.17 want: ^6.5.0
873 silly placeDep node_modules/tinyglobby picomatch@4.0.7 OK for: fdir@6.5.0 want: ^3 || ^4
874 silly placeDep ROOT is-number@7.0.0 OK for: to-regex-range@5.0.1 want: ^7.0.0
875 silly placeDep ROOT escalade@3.2.0 OK for: update-browserslist-db@1.3.3 want: ^3.2.0
876 silly placeDep ROOT esbuild@0.21.5 OK for: vite@5.4.21 want: ^0.21.3
877 silly placeDep ROOT rollup@4.63.3 OK for: vite@5.4.21 want: ^4.20.0
878 silly fetch manifest @esbuild/aix-ppc64@0.21.5
879 silly packumentCache full:https://registry.npmjs.org/@esbuild%2faix-ppc64 cache-miss
880 silly fetch manifest @esbuild/linux-arm@0.21.5
881 silly packumentCache full:https://registry.npmjs.org/@esbuild%2flinux-arm cache-miss
882 silly fetch manifest @esbuild/linux-x64@0.21.5
883 silly packumentCache full:https://registry.npmjs.org/@esbuild%2flinux-x64 cache-miss
884 silly fetch manifest @esbuild/sunos-x64@0.21.5
885 silly packumentCache full:https://registry.npmjs.org/@esbuild%2fsunos-x64 cache-miss
886 silly fetch manifest @esbuild/win32-x64@0.21.5
887 silly packumentCache full:https://registry.npmjs.org/@esbuild%2fwin32-x64 cache-miss
888 silly fetch manifest @esbuild/darwin-x64@0.21.5
889 silly packumentCache full:https://registry.npmjs.org/@esbuild%2fdarwin-x64 cache-miss
890 silly fetch manifest @esbuild/linux-ia32@0.21.5
891 silly packumentCache full:https://registry.npmjs.org/@esbuild%2flinux-ia32 cache-miss
892 http fetch GET 200 https://registry.npmjs.org/@esbuild%2faix-ppc64 72ms (cache miss)
893 silly packumentCache full:https://registry.npmjs.org/@esbuild%2faix-ppc64 set size:undefined disposed:false
894 silly fetch manifest @esbuild/netbsd-x64@0.21.5
895 silly packumentCache full:https://registry.npmjs.org/@esbuild%2fnetbsd-x64 cache-miss
896 http fetch GET 200 https://registry.npmjs.org/@esbuild%2flinux-x64 80ms (cache miss)
897 silly packumentCache full:https://registry.npmjs.org/@esbuild%2flinux-x64 set size:undefined disposed:false
898 silly fetch manifest @esbuild/win32-ia32@0.21.5
899 silly packumentCache full:https://registry.npmjs.org/@esbuild%2fwin32-ia32 cache-miss
900 http fetch GET 200 https://registry.npmjs.org/@esbuild%2fwin32-x64 88ms (cache miss)
901 silly packumentCache full:https://registry.npmjs.org/@esbuild%2fwin32-x64 set size:undefined disposed:false
902 silly fetch manifest @esbuild/android-arm@0.21.5
903 silly packumentCache full:https://registry.npmjs.org/@esbuild%2fandroid-arm cache-miss
904 http fetch GET 200 https://registry.npmjs.org/@esbuild%2fsunos-x64 100ms (cache miss)
905 silly packumentCache full:https://registry.npmjs.org/@esbuild%2fsunos-x64 set size:undefined disposed:false
906 silly fetch manifest @esbuild/android-x64@0.21.5
907 silly packumentCache full:https://registry.npmjs.org/@esbuild%2fandroid-x64 cache-miss
908 http fetch GET 200 https://registry.npmjs.org/@esbuild%2flinux-arm 118ms (cache miss)
909 silly packumentCache full:https://registry.npmjs.org/@esbuild%2flinux-arm set size:undefined disposed:false
910 silly fetch manifest @esbuild/freebsd-x64@0.21.5
911 silly packumentCache full:https://registry.npmjs.org/@esbuild%2ffreebsd-x64 cache-miss
912 http fetch GET 200 https://registry.npmjs.org/@esbuild%2flinux-ia32 129ms (cache miss)
913 silly packumentCache full:https://registry.npmjs.org/@esbuild%2flinux-ia32 set size:undefined disposed:false
914 silly fetch manifest @esbuild/linux-arm64@0.21.5
915 silly packumentCache full:https://registry.npmjs.org/@esbuild%2flinux-arm64 cache-miss
916 http fetch GET 200 https://registry.npmjs.org/@esbuild%2fdarwin-x64 145ms (cache miss)
917 silly packumentCache full:https://registry.npmjs.org/@esbuild%2fdarwin-x64 set size:undefined disposed:false
918 silly fetch manifest @esbuild/linux-ppc64@0.21.5
919 silly packumentCache full:https://registry.npmjs.org/@esbuild%2flinux-ppc64 cache-miss
920 http fetch GET 200 https://registry.npmjs.org/@esbuild%2fnetbsd-x64 86ms (cache miss)
921 silly packumentCache full:https://registry.npmjs.org/@esbuild%2fnetbsd-x64 set size:undefined disposed:false
922 silly fetch manifest @esbuild/linux-s390x@0.21.5
923 silly packumentCache full:https://registry.npmjs.org/@esbuild%2flinux-s390x cache-miss
924 http fetch GET 200 https://registry.npmjs.org/@esbuild%2fwin32-ia32 81ms (cache miss)
925 silly packumentCache full:https://registry.npmjs.org/@esbuild%2fwin32-ia32 set size:undefined disposed:false
926 silly fetch manifest @esbuild/openbsd-x64@0.21.5
927 silly packumentCache full:https://registry.npmjs.org/@esbuild%2fopenbsd-x64 cache-miss
928 http fetch GET 200 https://registry.npmjs.org/@esbuild%2fandroid-arm 82ms (cache miss)
929 silly packumentCache full:https://registry.npmjs.org/@esbuild%2fandroid-arm set size:undefined disposed:false
930 silly fetch manifest @esbuild/win32-arm64@0.21.5
931 silly packumentCache full:https://registry.npmjs.org/@esbuild%2fwin32-arm64 cache-miss
932 http fetch GET 200 https://registry.npmjs.org/@esbuild%2fandroid-x64 80ms (cache miss)
933 silly packumentCache full:https://registry.npmjs.org/@esbuild%2fandroid-x64 set size:undefined disposed:false
934 silly fetch manifest @esbuild/darwin-arm64@0.21.5
935 silly packumentCache full:https://registry.npmjs.org/@esbuild%2fdarwin-arm64 cache-miss
936 http fetch GET 200 https://registry.npmjs.org/@esbuild%2ffreebsd-x64 75ms (cache miss)
937 silly packumentCache full:https://registry.npmjs.org/@esbuild%2ffreebsd-x64 set size:undefined disposed:false
938 silly fetch manifest @esbuild/android-arm64@0.21.5
939 silly packumentCache full:https://registry.npmjs.org/@esbuild%2fandroid-arm64 cache-miss
940 http fetch GET 200 https://registry.npmjs.org/@esbuild%2flinux-arm64 93ms (cache miss)
941 silly packumentCache full:https://registry.npmjs.org/@esbuild%2flinux-arm64 set size:undefined disposed:false
942 silly fetch manifest @esbuild/freebsd-arm64@0.21.5
943 silly packumentCache full:https://registry.npmjs.org/@esbuild%2ffreebsd-arm64 cache-miss
944 http fetch GET 200 https://registry.npmjs.org/@esbuild%2fopenbsd-x64 98ms (cache miss)
945 silly packumentCache full:https://registry.npmjs.org/@esbuild%2fopenbsd-x64 set size:undefined disposed:false
946 silly fetch manifest @esbuild/linux-loong64@0.21.5
947 silly packumentCache full:https://registry.npmjs.org/@esbuild%2flinux-loong64 cache-miss
948 http fetch GET 200 https://registry.npmjs.org/@esbuild%2flinux-s390x 108ms (cache miss)
949 silly packumentCache full:https://registry.npmjs.org/@esbuild%2flinux-s390x set size:undefined disposed:false
950 silly fetch manifest @esbuild/linux-riscv64@0.21.5
951 silly packumentCache full:https://registry.npmjs.org/@esbuild%2flinux-riscv64 cache-miss
952 http fetch GET 200 https://registry.npmjs.org/@esbuild%2flinux-ppc64 131ms (cache miss)
953 silly packumentCache full:https://registry.npmjs.org/@esbuild%2flinux-ppc64 set size:undefined disposed:false
954 silly fetch manifest @esbuild/linux-mips64el@0.21.5
955 silly packumentCache full:https://registry.npmjs.org/@esbuild%2flinux-mips64el cache-miss
956 http fetch GET 200 https://registry.npmjs.org/@esbuild%2fwin32-arm64 109ms (cache miss)
957 silly packumentCache full:https://registry.npmjs.org/@esbuild%2fwin32-arm64 set size:undefined disposed:false
958 silly fetch manifest @types/estree@1.0.9
959 silly packumentCache full:https://registry.npmjs.org/@types%2festree cache-miss
960 http fetch GET 200 https://registry.npmjs.org/@esbuild%2fdarwin-arm64 119ms (cache miss)
961 silly packumentCache full:https://registry.npmjs.org/@esbuild%2fdarwin-arm64 set size:undefined disposed:false
962 silly fetch manifest @rollup/rollup-darwin-x64@4.63.3
963 silly packumentCache full:https://registry.npmjs.org/@rollup%2frollup-darwin-x64 cache-miss
964 http fetch GET 200 https://registry.npmjs.org/@esbuild%2fandroid-arm64 123ms (cache miss)
965 silly packumentCache full:https://registry.npmjs.org/@esbuild%2fandroid-arm64 set size:undefined disposed:false
966 silly fetch manifest @rollup/rollup-freebsd-x64@4.63.3
967 silly packumentCache full:https://registry.npmjs.org/@rollup%2frollup-freebsd-x64 cache-miss
968 http fetch GET 200 https://registry.npmjs.org/@esbuild%2ffreebsd-arm64 108ms (cache miss)
969 silly packumentCache full:https://registry.npmjs.org/@esbuild%2ffreebsd-arm64 set size:undefined disposed:false
970 silly fetch manifest @rollup/rollup-openbsd-x64@4.63.3
971 silly packumentCache full:https://registry.npmjs.org/@rollup%2frollup-openbsd-x64 cache-miss
972 http fetch GET 200 https://registry.npmjs.org/@esbuild%2flinux-loong64 78ms (cache miss)
973 silly packumentCache full:https://registry.npmjs.org/@esbuild%2flinux-loong64 set size:undefined disposed:false
974 silly fetch manifest @napi-rs/lzma-linux-x64-gnu@1.5.1
975 silly packumentCache full:https://registry.npmjs.org/@napi-rs%2flzma-linux-x64-gnu cache-miss
976 http fetch GET 200 https://registry.npmjs.org/@esbuild%2flinux-mips64el 72ms (cache miss)
977 silly packumentCache full:https://registry.npmjs.org/@esbuild%2flinux-mips64el set size:undefined disposed:false
978 silly fetch manifest @rollup/rollup-darwin-arm64@4.63.3
979 silly packumentCache full:https://registry.npmjs.org/@rollup%2frollup-darwin-arm64 cache-miss
980 http fetch GET 200 https://registry.npmjs.org/@esbuild%2flinux-riscv64 88ms (cache miss)
981 silly packumentCache full:https://registry.npmjs.org/@esbuild%2flinux-riscv64 set size:undefined disposed:false
982 silly fetch manifest @rollup/rollup-android-arm64@4.63.3
983 silly packumentCache full:https://registry.npmjs.org/@rollup%2frollup-android-arm64 cache-miss
984 http fetch GET 200 https://registry.npmjs.org/@types%2festree 76ms (cache miss)
985 silly packumentCache full:https://registry.npmjs.org/@types%2festree set size:undefined disposed:false
986 silly fetch manifest @rollup/rollup-freebsd-arm64@4.63.3
987 silly packumentCache full:https://registry.npmjs.org/@rollup%2frollup-freebsd-arm64 cache-miss
988 http fetch GET 200 https://registry.npmjs.org/@rollup%2frollup-darwin-x64 75ms (cache miss)
989 silly packumentCache full:https://registry.npmjs.org/@rollup%2frollup-darwin-x64 set size:undefined disposed:false
990 silly fetch manifest @rollup/rollup-linux-x64-gnu@4.63.3
991 silly packumentCache full:https://registry.npmjs.org/@rollup%2frollup-linux-x64-gnu cache-miss
992 http fetch GET 200 https://registry.npmjs.org/@rollup%2frollup-freebsd-x64 71ms (cache miss)
993 silly packumentCache full:https://registry.npmjs.org/@rollup%2frollup-freebsd-x64 set size:undefined disposed:false
994 silly fetch manifest @rollup/rollup-win32-x64-gnu@4.63.3
995 silly packumentCache full:https://registry.npmjs.org/@rollup%2frollup-win32-x64-gnu cache-miss
996 http fetch GET 200 https://registry.npmjs.org/@rollup%2frollup-openbsd-x64 66ms (cache miss)
997 silly packumentCache full:https://registry.npmjs.org/@rollup%2frollup-openbsd-x64 set size:undefined disposed:false
998 silly fetch manifest @rollup/rollup-linux-x64-musl@4.63.3
999 silly packumentCache full:https://registry.npmjs.org/@rollup%2frollup-linux-x64-musl cache-miss
1000 http fetch GET 200 https://registry.npmjs.org/@napi-rs%2flzma-linux-x64-gnu 57ms (cache miss)
1001 silly packumentCache full:https://registry.npmjs.org/@napi-rs%2flzma-linux-x64-gnu set size:undefined disposed:false
1002 silly fetch manifest @rollup/rollup-win32-x64-msvc@4.63.3
1003 silly packumentCache full:https://registry.npmjs.org/@rollup%2frollup-win32-x64-msvc cache-miss
1004 http fetch GET 200 https://registry.npmjs.org/@rollup%2frollup-darwin-arm64 67ms (cache miss)
1005 silly packumentCache full:https://registry.npmjs.org/@rollup%2frollup-darwin-arm64 set size:undefined disposed:false
1006 silly fetch manifest @rollup/rollup-linux-arm64-gnu@4.63.3
1007 silly packumentCache full:https://registry.npmjs.org/@rollup%2frollup-linux-arm64-gnu cache-miss
1008 http fetch GET 200 https://registry.npmjs.org/@rollup%2frollup-android-arm64 95ms (cache miss)
1009 silly packumentCache full:https://registry.npmjs.org/@rollup%2frollup-android-arm64 set size:undefined disposed:false
1010 silly fetch manifest @rollup/rollup-linux-ppc64-gnu@4.63.3
1011 silly packumentCache full:https://registry.npmjs.org/@rollup%2frollup-linux-ppc64-gnu cache-miss
1012 http fetch GET 200 https://registry.npmjs.org/@rollup%2frollup-win32-x64-gnu 95ms (cache miss)
1013 silly packumentCache full:https://registry.npmjs.org/@rollup%2frollup-win32-x64-gnu set size:undefined disposed:false
1014 silly fetch manifest @rollup/rollup-linux-s390x-gnu@4.63.3
1015 silly packumentCache full:https://registry.npmjs.org/@rollup%2frollup-linux-s390x-gnu cache-miss
1016 http fetch GET 200 https://registry.npmjs.org/@rollup%2frollup-freebsd-arm64 150ms (cache miss)
1017 silly packumentCache full:https://registry.npmjs.org/@rollup%2frollup-freebsd-arm64 set size:undefined disposed:false
1018 silly fetch manifest @rollup/rollup-win32-ia32-msvc@4.63.3
1019 silly packumentCache full:https://registry.npmjs.org/@rollup%2frollup-win32-ia32-msvc cache-miss
1020 http fetch GET 200 https://registry.npmjs.org/@rollup%2frollup-linux-x64-gnu 136ms (cache miss)
1021 silly packumentCache full:https://registry.npmjs.org/@rollup%2frollup-linux-x64-gnu set size:undefined disposed:false
1022 silly fetch manifest @rollup/rollup-android-arm-eabi@4.63.3
1023 silly packumentCache full:https://registry.npmjs.org/@rollup%2frollup-android-arm-eabi cache-miss
1024 http fetch GET 200 https://registry.npmjs.org/@rollup%2frollup-win32-x64-msvc 130ms (cache miss)
1025 silly packumentCache full:https://registry.npmjs.org/@rollup%2frollup-win32-x64-msvc set size:undefined disposed:false
1026 silly fetch manifest @rollup/rollup-linux-arm64-musl@4.63.3
1027 silly packumentCache full:https://registry.npmjs.org/@rollup%2frollup-linux-arm64-musl cache-miss
1028 http fetch GET 200 https://registry.npmjs.org/@rollup%2frollup-linux-x64-musl 142ms (cache miss)
1029 silly packumentCache full:https://registry.npmjs.org/@rollup%2frollup-linux-x64-musl set size:undefined disposed:false
1030 silly fetch manifest @rollup/rollup-linux-ppc64-musl@4.63.3
1031 silly packumentCache full:https://registry.npmjs.org/@rollup%2frollup-linux-ppc64-musl cache-miss
1032 http fetch GET 200 https://registry.npmjs.org/@rollup%2frollup-linux-ppc64-gnu 94ms (cache miss)
1033 silly packumentCache full:https://registry.npmjs.org/@rollup%2frollup-linux-ppc64-gnu set size:undefined disposed:false
1034 silly fetch manifest @rollup/rollup-win32-arm64-msvc@4.63.3
1035 silly packumentCache full:https://registry.npmjs.org/@rollup%2frollup-win32-arm64-msvc cache-miss
1036 http fetch GET 200 https://registry.npmjs.org/@rollup%2frollup-linux-arm64-gnu 127ms (cache miss)
1037 silly packumentCache full:https://registry.npmjs.org/@rollup%2frollup-linux-arm64-gnu set size:undefined disposed:false
1038 silly fetch manifest @rollup/rollup-linux-loong64-gnu@4.63.3
1039 silly packumentCache full:https://registry.npmjs.org/@rollup%2frollup-linux-loong64-gnu cache-miss
1040 http fetch GET 200 https://registry.npmjs.org/@rollup%2frollup-android-arm-eabi 55ms (cache miss)
1041 silly packumentCache full:https://registry.npmjs.org/@rollup%2frollup-android-arm-eabi set size:undefined disposed:false
1042 silly fetch manifest @rollup/rollup-linux-riscv64-gnu@4.63.3
1043 silly packumentCache full:https://registry.npmjs.org/@rollup%2frollup-linux-riscv64-gnu cache-miss
1044 http fetch GET 200 https://registry.npmjs.org/@rollup%2frollup-linux-s390x-gnu 103ms (cache miss)
1045 silly packumentCache full:https://registry.npmjs.org/@rollup%2frollup-linux-s390x-gnu set size:undefined disposed:false
1046 silly fetch manifest @rollup/rollup-openharmony-arm64@4.63.3
1047 silly packumentCache full:https://registry.npmjs.org/@rollup%2frollup-openharmony-arm64 cache-miss
1048 http fetch GET 200 https://registry.npmjs.org/@rollup%2frollup-win32-ia32-msvc 86ms (cache miss)
1049 silly packumentCache full:https://registry.npmjs.org/@rollup%2frollup-win32-ia32-msvc set size:undefined disposed:false
1050 silly fetch manifest @rollup/rollup-linux-loong64-musl@4.63.3
1051 silly packumentCache full:https://registry.npmjs.org/@rollup%2frollup-linux-loong64-musl cache-miss
1052 http fetch GET 200 https://registry.npmjs.org/@rollup%2frollup-linux-ppc64-musl 57ms (cache miss)
1053 silly packumentCache full:https://registry.npmjs.org/@rollup%2frollup-linux-ppc64-musl set size:undefined disposed:false
1054 silly fetch manifest @rollup/rollup-linux-riscv64-musl@4.63.3
1055 silly packumentCache full:https://registry.npmjs.org/@rollup%2frollup-linux-riscv64-musl cache-miss
1056 http fetch GET 200 https://registry.npmjs.org/@rollup%2frollup-linux-loong64-gnu 53ms (cache miss)
1057 silly packumentCache full:https://registry.npmjs.org/@rollup%2frollup-linux-loong64-gnu set size:undefined disposed:false
1058 silly fetch manifest @rollup/rollup-linux-arm-gnueabihf@4.63.3
1059 silly packumentCache full:https://registry.npmjs.org/@rollup%2frollup-linux-arm-gnueabihf cache-miss
1060 http fetch GET 200 https://registry.npmjs.org/@rollup%2frollup-linux-arm64-musl 93ms (cache miss)
1061 silly packumentCache full:https://registry.npmjs.org/@rollup%2frollup-linux-arm64-musl set size:undefined disposed:false
1062 silly fetch manifest @rollup/rollup-linux-arm-musleabihf@4.63.3
1063 silly packumentCache full:https://registry.npmjs.org/@rollup%2frollup-linux-arm-musleabihf cache-miss
1064 http fetch GET 200 https://registry.npmjs.org/@rollup%2frollup-win32-arm64-msvc 90ms (cache miss)
1065 silly packumentCache full:https://registry.npmjs.org/@rollup%2frollup-win32-arm64-msvc set size:undefined disposed:false
1066 http fetch GET 200 https://registry.npmjs.org/@rollup%2frollup-openharmony-arm64 61ms (cache miss)
1067 silly packumentCache full:https://registry.npmjs.org/@rollup%2frollup-openharmony-arm64 set size:undefined disposed:false
1068 http fetch GET 200 https://registry.npmjs.org/@rollup%2frollup-linux-riscv64-gnu 81ms (cache miss)
1069 silly packumentCache full:https://registry.npmjs.org/@rollup%2frollup-linux-riscv64-gnu set size:undefined disposed:false
1070 http fetch GET 200 https://registry.npmjs.org/@rollup%2frollup-linux-riscv64-musl 70ms (cache miss)
1071 silly packumentCache full:https://registry.npmjs.org/@rollup%2frollup-linux-riscv64-musl set size:undefined disposed:false
1072 http fetch GET 200 https://registry.npmjs.org/@rollup%2frollup-linux-arm-gnueabihf 80ms (cache miss)
1073 silly packumentCache full:https://registry.npmjs.org/@rollup%2frollup-linux-arm-gnueabihf set size:undefined disposed:false
1074 http fetch GET 200 https://registry.npmjs.org/@rollup%2frollup-linux-loong64-musl 110ms (cache miss)
1075 silly packumentCache full:https://registry.npmjs.org/@rollup%2frollup-linux-loong64-musl set size:undefined disposed:false
1076 http fetch GET 200 https://registry.npmjs.org/@rollup%2frollup-linux-arm-musleabihf 88ms (cache miss)
1077 silly packumentCache full:https://registry.npmjs.org/@rollup%2frollup-linux-arm-musleabihf set size:undefined disposed:false
1078 silly placeDep ROOT @esbuild/aix-ppc64@0.21.5 OK for: esbuild@0.21.5 want: 0.21.5
1079 silly placeDep ROOT @esbuild/android-arm@0.21.5 OK for: esbuild@0.21.5 want: 0.21.5
1080 silly placeDep ROOT @esbuild/android-arm64@0.21.5 OK for: esbuild@0.21.5 want: 0.21.5
1081 silly placeDep ROOT @esbuild/android-x64@0.21.5 OK for: esbuild@0.21.5 want: 0.21.5
1082 silly placeDep ROOT @esbuild/darwin-arm64@0.21.5 OK for: esbuild@0.21.5 want: 0.21.5
1083 silly placeDep ROOT @esbuild/darwin-x64@0.21.5 OK for: esbuild@0.21.5 want: 0.21.5
1084 silly placeDep ROOT @esbuild/freebsd-arm64@0.21.5 OK for: esbuild@0.21.5 want: 0.21.5
1085 silly placeDep ROOT @esbuild/freebsd-x64@0.21.5 OK for: esbuild@0.21.5 want: 0.21.5
1086 silly placeDep ROOT @esbuild/linux-arm@0.21.5 OK for: esbuild@0.21.5 want: 0.21.5
1087 silly placeDep ROOT @esbuild/linux-arm64@0.21.5 OK for: esbuild@0.21.5 want: 0.21.5
1088 silly placeDep ROOT @esbuild/linux-ia32@0.21.5 OK for: esbuild@0.21.5 want: 0.21.5
1089 silly placeDep ROOT @esbuild/linux-loong64@0.21.5 OK for: esbuild@0.21.5 want: 0.21.5
1090 silly placeDep ROOT @esbuild/linux-mips64el@0.21.5 OK for: esbuild@0.21.5 want: 0.21.5
1091 silly placeDep ROOT @esbuild/linux-ppc64@0.21.5 OK for: esbuild@0.21.5 want: 0.21.5
1092 silly placeDep ROOT @esbuild/linux-riscv64@0.21.5 OK for: esbuild@0.21.5 want: 0.21.5
1093 silly placeDep ROOT @esbuild/linux-s390x@0.21.5 OK for: esbuild@0.21.5 want: 0.21.5
1094 silly placeDep ROOT @esbuild/linux-x64@0.21.5 OK for: esbuild@0.21.5 want: 0.21.5
1095 silly placeDep ROOT @esbuild/netbsd-x64@0.21.5 OK for: esbuild@0.21.5 want: 0.21.5
1096 silly placeDep ROOT @esbuild/openbsd-x64@0.21.5 OK for: esbuild@0.21.5 want: 0.21.5
1097 silly placeDep ROOT @esbuild/sunos-x64@0.21.5 OK for: esbuild@0.21.5 want: 0.21.5
1098 silly placeDep ROOT @esbuild/win32-arm64@0.21.5 OK for: esbuild@0.21.5 want: 0.21.5
1099 silly placeDep ROOT @esbuild/win32-ia32@0.21.5 OK for: esbuild@0.21.5 want: 0.21.5
1100 silly placeDep ROOT @esbuild/win32-x64@0.21.5 OK for: esbuild@0.21.5 want: 0.21.5
1101 silly placeDep ROOT @napi-rs/lzma-linux-x64-gnu@1.5.1 OK for: rollup@4.63.3 want: 1.5.1
1102 silly placeDep ROOT @rollup/rollup-android-arm-eabi@4.63.3 OK for: rollup@4.63.3 want: 4.63.3
1103 silly placeDep ROOT @rollup/rollup-android-arm64@4.63.3 OK for: rollup@4.63.3 want: 4.63.3
1104 silly placeDep ROOT @rollup/rollup-darwin-arm64@4.63.3 OK for: rollup@4.63.3 want: 4.63.3
1105 silly placeDep ROOT @rollup/rollup-darwin-x64@4.63.3 OK for: rollup@4.63.3 want: 4.63.3
1106 silly placeDep ROOT @rollup/rollup-freebsd-arm64@4.63.3 OK for: rollup@4.63.3 want: 4.63.3
1107 silly placeDep ROOT @rollup/rollup-freebsd-x64@4.63.3 OK for: rollup@4.63.3 want: 4.63.3
1108 silly placeDep ROOT @rollup/rollup-linux-arm-gnueabihf@4.63.3 OK for: rollup@4.63.3 want: 4.63.3
1109 silly placeDep ROOT @rollup/rollup-linux-arm-musleabihf@4.63.3 OK for: rollup@4.63.3 want: 4.63.3
1110 silly placeDep ROOT @rollup/rollup-linux-arm64-gnu@4.63.3 OK for: rollup@4.63.3 want: 4.63.3
1111 silly placeDep ROOT @rollup/rollup-linux-arm64-musl@4.63.3 OK for: rollup@4.63.3 want: 4.63.3
1112 silly placeDep ROOT @rollup/rollup-linux-loong64-gnu@4.63.3 OK for: rollup@4.63.3 want: 4.63.3
1113 silly placeDep ROOT @rollup/rollup-linux-loong64-musl@4.63.3 OK for: rollup@4.63.3 want: 4.63.3
1114 silly placeDep ROOT @rollup/rollup-linux-ppc64-gnu@4.63.3 OK for: rollup@4.63.3 want: 4.63.3
1115 silly placeDep ROOT @rollup/rollup-linux-ppc64-musl@4.63.3 OK for: rollup@4.63.3 want: 4.63.3
1116 silly placeDep ROOT @rollup/rollup-linux-riscv64-gnu@4.63.3 OK for: rollup@4.63.3 want: 4.63.3
1117 silly placeDep ROOT @rollup/rollup-linux-riscv64-musl@4.63.3 OK for: rollup@4.63.3 want: 4.63.3
1118 silly placeDep ROOT @rollup/rollup-linux-s390x-gnu@4.63.3 OK for: rollup@4.63.3 want: 4.63.3
1119 silly placeDep ROOT @rollup/rollup-linux-x64-gnu@4.63.3 OK for: rollup@4.63.3 want: 4.63.3
1120 silly placeDep ROOT @rollup/rollup-linux-x64-musl@4.63.3 OK for: rollup@4.63.3 want: 4.63.3
1121 silly placeDep ROOT @rollup/rollup-openbsd-x64@4.63.3 OK for: rollup@4.63.3 want: 4.63.3
1122 silly placeDep ROOT @rollup/rollup-openharmony-arm64@4.63.3 OK for: rollup@4.63.3 want: 4.63.3
1123 silly placeDep ROOT @rollup/rollup-win32-arm64-msvc@4.63.3 OK for: rollup@4.63.3 want: 4.63.3
1124 silly placeDep ROOT @rollup/rollup-win32-ia32-msvc@4.63.3 OK for: rollup@4.63.3 want: 4.63.3
1125 silly placeDep ROOT @rollup/rollup-win32-x64-gnu@4.63.3 OK for: rollup@4.63.3 want: 4.63.3
1126 silly placeDep ROOT @rollup/rollup-win32-x64-msvc@4.63.3 OK for: rollup@4.63.3 want: 4.63.3
1127 silly placeDep ROOT @types/estree@1.0.9 OK for: rollup@4.63.3 want: 1.0.9
1128 silly reify moves {}
1129 silly audit bulk request {
1129 silly audit   '@supabase/supabase-js': [ '2.116.0' ],
1129 silly audit   '@types/react': [ '18.3.31' ],
1129 silly audit   '@types/react-dom': [ '18.3.7' ],
1129 silly audit   '@vitejs/plugin-react': [ '4.7.0' ],
1129 silly audit   vite: [ '5.4.21' ],
1129 silly audit   autoprefixer: [ '10.6.1' ],
1129 silly audit   postcss: [ '8.5.28' ],
1129 silly audit   react: [ '18.3.1' ],
1129 silly audit   'react-dom': [ '18.3.1' ],
1129 silly audit   'react-router-dom': [ '6.30.6' ],
1129 silly audit   tailwindcss: [ '3.4.19' ],
1129 silly audit   typescript: [ '5.9.3' ],
1129 silly audit   '@supabase/auth-js': [ '2.116.0' ],
1129 silly audit   '@supabase/functions-js': [ '2.116.0' ],
1129 silly audit   '@supabase/postgrest-js': [ '2.116.0' ],
1129 silly audit   '@supabase/realtime-js': [ '2.116.0' ],
1129 silly audit   '@supabase/storage-js': [ '2.116.0' ],
1129 silly audit   tslib: [ '2.8.1' ],
1129 silly audit   '@supabase/phoenix': [ '0.4.5' ],
1129 silly audit   'iceberg-js': [ '0.8.1' ],
1129 silly audit   '@types/prop-types': [ '15.7.15' ],
1129 silly audit   csstype: [ '3.2.3' ],
1129 silly audit   '@babel/core': [ '7.29.7' ],
1129 silly audit   '@babel/plugin-transform-react-jsx-self': [ '7.29.7' ],
1129 silly audit   '@babel/plugin-transform-react-jsx-source': [ '7.29.7' ],
1129 silly audit   '@rolldown/pluginutils': [ '1.0.0-beta.27' ],
1129 silly audit   '@types/babel__core': [ '7.20.5' ],
1129 silly audit   'react-refresh': [ '0.17.0' ],
1129 silly audit   '@babel/code-frame': [ '7.29.7' ],
1129 silly audit   '@babel/generator': [ '7.29.8' ],
1129 silly audit   '@babel/helper-compilation-targets': [ '7.29.7' ],
1129 silly audit   '@babel/helper-module-transforms': [ '7.29.7' ],
1129 silly audit   '@babel/helpers': [ '7.29.7' ],
1129 silly audit   '@babel/parser': [ '7.29.9' ],
1129 silly audit   '@babel/template': [ '7.29.7' ],
1129 silly audit   '@babel/traverse': [ '7.29.8' ],
1129 silly audit   '@babel/types': [ '7.29.8' ],
1129 silly audit   '@jridgewell/remapping': [ '2.3.5' ],
1129 silly audit   'convert-source-map': [ '2.0.0' ],
1129 silly audit   debug: [ '4.4.3' ],
1129 silly audit   gensync: [ '1.0.0-beta.2' ],
1129 silly audit   json5: [ '2.2.3' ],
1129 silly audit   semver: [ '6.3.1' ],
1129 silly audit   '@babel/helper-validator-identifier': [ '7.29.7' ],
1129 silly audit   'js-tokens': [ '4.0.0' ],
1129 silly audit   picocolors: [ '1.1.1' ],
1129 silly audit   '@jridgewell/gen-mapping': [ '0.3.13' ],
1129 silly audit   '@jridgewell/trace-mapping': [ '0.3.31' ],
1129 silly audit   jsesc: [ '3.1.0' ],
1129 silly audit   '@babel/compat-data': [ '7.29.7' ],
1129 silly audit   '@babel/helper-validator-option': [ '7.29.7' ],
1129 silly audit   browserslist: [ '4.29.0' ],
1129 silly audit   'lru-cache': [ '5.1.1' ],
1129 silly audit   '@babel/helper-module-imports': [ '7.29.7' ],
1129 silly audit   '@babel/helper-plugin-utils': [ '7.29.7' ],
1129 silly audit   '@babel/helper-globals': [ '7.29.7' ],
1129 silly audit   '@babel/helper-string-parser': [ '7.29.7' ],
1129 silly audit   '@jridgewell/sourcemap-codec': [ '1.6.0' ],
1129 silly audit   '@jridgewell/resolve-uri': [ '3.1.2' ],
1129 silly audit   '@types/babel__generator': [ '7.27.0' ],
1129 silly audit   '@types/babel__template': [ '7.4.4' ],
1129 silly audit   '@types/babel__traverse': [ '7.28.0' ],
1129 silly audit   'caniuse-lite': [ '1.0.30001810' ],
1129 silly audit   'fraction.js': [ '5.3.4' ],
1129 silly audit   'postcss-value-parser': [ '4.2.0' ],
1129 silly audit   'baseline-browser-mapping': [ '2.11.25' ],
1129 silly audit   'electron-to-chromium': [ '1.5.432' ],
1129 silly audit   'node-releases': [ '2.0.56' ],
1129 silly audit   'update-browserslist-db': [ '1.3.3' ],
1129 silly audit   ms: [ '2.1.3' ],
1129 silly audit   yallist: [ '3.1.1' ],
1129 silly audit   nanoid: [ '3.3.19' ],
1129 silly audit   'source-map-js': [ '1.2.1' ],
1129 silly audit   'loose-envify': [ '1.4.0' ],
1129 silly audit   scheduler: [ '0.23.2' ],
1129 silly audit   '@remix-run/router': [ '1.23.4' ],
1129 silly audit   'react-router': [ '6.30.6' ],
1129 silly audit   '@alloc/quick-lru': [ '5.3.0' ],
1129 silly audit   arg: [ '5.0.2' ],
1129 silly audit   chokidar: [ '3.6.0' ],
1129 silly audit   didyoumean: [ '1.2.2' ],
1129 silly audit   dlv: [ '1.1.3' ],
1129 silly audit   'fast-glob': [ '3.3.3' ],
1129 silly audit   'glob-parent': [ '6.0.2', '5.1.2' ],
1129 silly audit   'is-glob': [ '4.0.3' ],
1129 silly audit   jiti: [ '1.21.7' ],
1129 silly audit   lilconfig: [ '3.1.3' ],
1129 silly audit   micromatch: [ '4.0.8' ],
1129 silly audit   'normalize-path': [ '3.0.0' ],
1129 silly audit   'object-hash': [ '3.0.0' ],
1129 silly audit   'postcss-import': [ '15.1.0' ],
1129 silly audit   'postcss-js': [ '4.1.0' ],
1129 silly audit   'postcss-load-config': [ '6.0.1' ],
1129 silly audit   'postcss-nested': [ '6.2.0' ],
1129 silly audit   'postcss-selector-parser': [ '6.1.4' ],
1129 silly audit   resolve: [ '1.22.12' ],
1129 silly audit   sucrase: [ '3.35.1' ],
1129 silly audit   anymatch: [ '3.1.3' ],
1129 silly audit   braces: [ '3.0.3' ],
1129 silly audit   fsevents: [ '2.3.3' ],
1129 silly audit   'is-binary-path': [ '2.1.0' ],
1129 silly audit   readdirp: [ '3.6.0' ],
1129 silly audit   picomatch: [ '2.3.2', '4.0.7' ],
1129 silly audit   'fill-range': [ '7.1.1' ],
1129 silly audit   '@nodelib/fs.stat': [ '2.0.5' ],
1129 silly audit   '@nodelib/fs.walk': [ '1.2.8' ],
1129 silly audit   merge2: [ '1.4.1' ],
1129 silly audit   '@nodelib/fs.scandir': [ '2.1.5' ],
1129 silly audit   fastq: [ '1.20.3' ],
1129 silly audit   'run-parallel': [ '1.2.0' ],
1129 silly audit   reusify: [ '1.1.0' ],
1129 silly audit   'to-regex-range': [ '5.0.1' ],
1129 silly audit   'binary-extensions': [ '2.3.0' ],
1129 silly audit   'is-extglob': [ '2.1.1' ],
1129 silly audit   'read-cache': [ '1.0.2' ],
1129 silly audit   'camelcase-css': [ '2.0.1' ],
1129 silly audit   cssesc: [ '3.0.0' ],
1129 silly audit   'util-deprecate': [ '1.0.2' ],
1129 silly audit   'es-errors': [ '1.3.0' ],
1129 silly audit   'is-core-module': [ '2.17.0' ],
1129 silly audit   'path-parse': [ '1.0.7' ],
1129 silly audit   'supports-preserve-symlinks-flag': [ '1.0.0' ],
1129 silly audit   hasown: [ '2.0.4' ],
1129 silly audit   'function-bind': [ '1.1.2' ],
1129 silly audit   'queue-microtask': [ '1.2.3' ],
1129 silly audit   commander: [ '4.1.1' ],
1129 silly audit   'lines-and-columns': [ '1.2.4' ],
1129 silly audit   mz: [ '2.7.0' ],
1129 silly audit   pirates: [ '4.0.7' ],
1129 silly audit   tinyglobby: [ '0.2.17' ],
1129 silly audit   'ts-interface-checker': [ '0.1.13' ],
1129 silly audit   'any-promise': [ '1.3.0' ],
1129 silly audit   'object-assign': [ '4.1.1' ],
1129 silly audit   'thenify-all': [ '1.6.0' ],
1129 silly audit   thenify: [ '3.3.1' ],
1129 silly audit   fdir: [ '6.5.0' ],
1129 silly audit   'is-number': [ '7.0.0' ],
1129 silly audit   escalade: [ '3.2.0' ],
1129 silly audit   esbuild: [ '0.21.5' ],
1129 silly audit   rollup: [ '4.63.3' ],
1129 silly audit   '@esbuild/aix-ppc64': [ '0.21.5' ],
1129 silly audit   '@esbuild/android-arm': [ '0.21.5' ],
1129 silly audit   '@esbuild/android-arm64': [ '0.21.5' ],
1129 silly audit   '@esbuild/android-x64': [ '0.21.5' ],
1129 silly audit   '@esbuild/darwin-arm64': [ '0.21.5' ],
1129 silly audit   '@esbuild/darwin-x64': [ '0.21.5' ],
1129 silly audit   '@esbuild/freebsd-arm64': [ '0.21.5' ],
1129 silly audit   '@esbuild/freebsd-x64': [ '0.21.5' ],
1129 silly audit   '@esbuild/linux-arm': [ '0.21.5' ],
1129 silly audit   '@esbuild/linux-arm64': [ '0.21.5' ],
1129 silly audit   '@esbuild/linux-ia32': [ '0.21.5' ],
1129 silly audit   '@esbuild/linux-loong64': [ '0.21.5' ],
1129 silly audit   '@esbuild/linux-mips64el': [ '0.21.5' ],
1129 silly audit   '@esbuild/linux-ppc64': [ '0.21.5' ],
1129 silly audit   '@esbuild/linux-riscv64': [ '0.21.5' ],
1129 silly audit   '@esbuild/linux-s390x': [ '0.21.5' ],
1129 silly audit   '@esbuild/linux-x64': [ '0.21.5' ],
1129 silly audit   '@esbuild/netbsd-x64': [ '0.21.5' ],
1129 silly audit   '@esbuild/openbsd-x64': [ '0.21.5' ],
1129 silly audit   '@esbuild/sunos-x64': [ '0.21.5' ],
1129 silly audit   '@esbuild/win32-arm64': [ '0.21.5' ],
1129 silly audit   '@esbuild/win32-ia32': [ '0.21.5' ],
1129 silly audit   '@esbuild/win32-x64': [ '0.21.5' ],
1129 silly audit   '@napi-rs/lzma-linux-x64-gnu': [ '1.5.1' ],
1129 silly audit   '@rollup/rollup-android-arm-eabi': [ '4.63.3' ],
1129 silly audit   '@rollup/rollup-android-arm64': [ '4.63.3' ],
1129 silly audit   '@rollup/rollup-darwin-arm64': [ '4.63.3' ],
1129 silly audit   '@rollup/rollup-darwin-x64': [ '4.63.3' ],
1129 silly audit   '@rollup/rollup-freebsd-arm64': [ '4.63.3' ],
1129 silly audit   '@rollup/rollup-freebsd-x64': [ '4.63.3' ],
1129 silly audit   '@rollup/rollup-linux-arm-gnueabihf': [ '4.63.3' ],
1129 silly audit   '@rollup/rollup-linux-arm-musleabihf': [ '4.63.3' ],
1129 silly audit   '@rollup/rollup-linux-arm64-gnu': [ '4.63.3' ],
1129 silly audit   '@rollup/rollup-linux-arm64-musl': [ '4.63.3' ],
1129 silly audit   '@rollup/rollup-linux-loong64-gnu': [ '4.63.3' ],
1129 silly audit   '@rollup/rollup-linux-loong64-musl': [ '4.63.3' ],
1129 silly audit   '@rollup/rollup-linux-ppc64-gnu': [ '4.63.3' ],
1129 silly audit   '@rollup/rollup-linux-ppc64-musl': [ '4.63.3' ],
1129 silly audit   '@rollup/rollup-linux-riscv64-gnu': [ '4.63.3' ],
1129 silly audit   '@rollup/rollup-linux-riscv64-musl': [ '4.63.3' ],
1129 silly audit   '@rollup/rollup-linux-s390x-gnu': [ '4.63.3' ],
1129 silly audit   '@rollup/rollup-linux-x64-gnu': [ '4.63.3' ],
1129 silly audit   '@rollup/rollup-linux-x64-musl': [ '4.63.3' ],
1129 silly audit   '@rollup/rollup-openbsd-x64': [ '4.63.3' ],
1129 silly audit   '@rollup/rollup-openharmony-arm64': [ '4.63.3' ],
1129 silly audit   '@rollup/rollup-win32-arm64-msvc': [ '4.63.3' ],
1129 silly audit   '@rollup/rollup-win32-ia32-msvc': [ '4.63.3' ],
1129 silly audit   '@rollup/rollup-win32-x64-gnu': [ '4.63.3' ],
1129 silly audit   '@rollup/rollup-win32-x64-msvc': [ '4.63.3' ],
1129 silly audit   '@types/estree': [ '1.0.9' ]
1129 silly audit }
1130 http cache @types/estree@https://registry.npmjs.org/@types/estree/-/estree-1.0.9.tgz 0ms (cache hit)
1131 http cache @rollup/rollup-linux-x64-gnu@https://registry.npmjs.org/@rollup/rollup-linux-x64-gnu/-/rollup-linux-x64-gnu-4.63.3.tgz 0ms (cache hit)
1132 http cache @esbuild/linux-x64@https://registry.npmjs.org/@esbuild/linux-x64/-/linux-x64-0.21.5.tgz 0ms (cache hit)
1133 http cache rollup@https://registry.npmjs.org/rollup/-/rollup-4.63.3.tgz 0ms (cache hit)
1134 http cache esbuild@https://registry.npmjs.org/esbuild/-/esbuild-0.21.5.tgz 0ms (cache hit)
1135 http cache escalade@https://registry.npmjs.org/escalade/-/escalade-3.2.0.tgz 0ms (cache hit)
1136 http cache is-number@https://registry.npmjs.org/is-number/-/is-number-7.0.0.tgz 0ms (cache hit)
1137 http cache thenify@https://registry.npmjs.org/thenify/-/thenify-3.3.1.tgz 0ms (cache hit)
1138 http cache thenify-all@https://registry.npmjs.org/thenify-all/-/thenify-all-1.6.0.tgz 0ms (cache hit)
1139 http cache any-promise@https://registry.npmjs.org/any-promise/-/any-promise-1.3.0.tgz 0ms (cache hit)
1140 http cache ts-interface-checker@https://registry.npmjs.org/ts-interface-checker/-/ts-interface-checker-0.1.13.tgz 0ms (cache hit)
1141 http cache object-assign@https://registry.npmjs.org/object-assign/-/object-assign-4.1.1.tgz 0ms (cache hit)
1142 http cache tinyglobby@https://registry.npmjs.org/tinyglobby/-/tinyglobby-0.2.17.tgz 0ms (cache hit)
1143 http cache pirates@https://registry.npmjs.org/pirates/-/pirates-4.0.7.tgz 0ms (cache hit)
1144 http cache mz@https://registry.npmjs.org/mz/-/mz-2.7.0.tgz 0ms (cache hit)
1145 http cache commander@https://registry.npmjs.org/commander/-/commander-4.1.1.tgz 0ms (cache hit)
1146 http cache lines-and-columns@https://registry.npmjs.org/lines-and-columns/-/lines-and-columns-1.2.4.tgz 0ms (cache hit)
1147 http cache queue-microtask@https://registry.npmjs.org/queue-microtask/-/queue-microtask-1.2.3.tgz 0ms (cache hit)
1148 http cache function-bind@https://registry.npmjs.org/function-bind/-/function-bind-1.1.2.tgz 0ms (cache hit)
1149 http cache hasown@https://registry.npmjs.org/hasown/-/hasown-2.0.4.tgz 0ms (cache hit)
1150 http cache supports-preserve-symlinks-flag@https://registry.npmjs.org/supports-preserve-symlinks-flag/-/supports-preserve-symlinks-flag-1.0.0.tgz 0ms (cache hit)
1151 http cache path-parse@https://registry.npmjs.org/path-parse/-/path-parse-1.0.7.tgz 0ms (cache hit)
1152 http cache is-core-module@https://registry.npmjs.org/is-core-module/-/is-core-module-2.17.0.tgz 0ms (cache hit)
1153 http cache es-errors@https://registry.npmjs.org/es-errors/-/es-errors-1.3.0.tgz 0ms (cache hit)
1154 http cache util-deprecate@https://registry.npmjs.org/util-deprecate/-/util-deprecate-1.0.2.tgz 0ms (cache hit)
1155 http cache cssesc@https://registry.npmjs.org/cssesc/-/cssesc-3.0.0.tgz 0ms (cache hit)
1156 http cache read-cache@https://registry.npmjs.org/read-cache/-/read-cache-1.0.2.tgz 0ms (cache hit)
1157 http cache camelcase-css@https://registry.npmjs.org/camelcase-css/-/camelcase-css-2.0.1.tgz 0ms (cache hit)
1158 http cache is-extglob@https://registry.npmjs.org/is-extglob/-/is-extglob-2.1.1.tgz 0ms (cache hit)
1159 http cache binary-extensions@https://registry.npmjs.org/binary-extensions/-/binary-extensions-2.3.0.tgz 0ms (cache hit)
1160 http cache to-regex-range@https://registry.npmjs.org/to-regex-range/-/to-regex-range-5.0.1.tgz 0ms (cache hit)
1161 http cache reusify@https://registry.npmjs.org/reusify/-/reusify-1.1.0.tgz 0ms (cache hit)
1162 http cache @napi-rs/lzma-linux-x64-gnu@https://registry.npmjs.org/@napi-rs/lzma-linux-x64-gnu/-/lzma-linux-x64-gnu-1.5.1.tgz 0ms (cache hit)
1163 http cache run-parallel@https://registry.npmjs.org/run-parallel/-/run-parallel-1.2.0.tgz 0ms (cache hit)
1164 http cache fastq@https://registry.npmjs.org/fastq/-/fastq-1.20.3.tgz 0ms (cache hit)
1165 http cache @nodelib/fs.scandir@https://registry.npmjs.org/@nodelib/fs.scandir/-/fs.scandir-2.1.5.tgz 0ms (cache hit)
1166 http cache merge2@https://registry.npmjs.org/merge2/-/merge2-1.4.1.tgz 0ms (cache hit)
1167 http cache @nodelib/fs.stat@https://registry.npmjs.org/@nodelib/fs.stat/-/fs.stat-2.0.5.tgz 0ms (cache hit)
1168 http cache @nodelib/fs.walk@https://registry.npmjs.org/@nodelib/fs.walk/-/fs.walk-1.2.8.tgz 0ms (cache hit)
1169 http cache fill-range@https://registry.npmjs.org/fill-range/-/fill-range-7.1.1.tgz 0ms (cache hit)
1170 http cache picomatch@https://registry.npmjs.org/picomatch/-/picomatch-2.3.2.tgz 0ms (cache hit)
1171 http cache readdirp@https://registry.npmjs.org/readdirp/-/readdirp-3.6.0.tgz 0ms (cache hit)
1172 http cache is-binary-path@https://registry.npmjs.org/is-binary-path/-/is-binary-path-2.1.0.tgz 0ms (cache hit)
1173 http cache braces@https://registry.npmjs.org/braces/-/braces-3.0.3.tgz 0ms (cache hit)
1174 http cache anymatch@https://registry.npmjs.org/anymatch/-/anymatch-3.1.3.tgz 0ms (cache hit)
1175 http cache sucrase@https://registry.npmjs.org/sucrase/-/sucrase-3.35.1.tgz 0ms (cache hit)
1176 http cache resolve@https://registry.npmjs.org/resolve/-/resolve-1.22.12.tgz 0ms (cache hit)
1177 http cache postcss-selector-parser@https://registry.npmjs.org/postcss-selector-parser/-/postcss-selector-parser-6.1.4.tgz 0ms (cache hit)
1178 http cache postcss-nested@https://registry.npmjs.org/postcss-nested/-/postcss-nested-6.2.0.tgz 0ms (cache hit)
1179 http cache postcss-load-config@https://registry.npmjs.org/postcss-load-config/-/postcss-load-config-6.0.1.tgz 0ms (cache hit)
1180 http cache postcss-import@https://registry.npmjs.org/postcss-import/-/postcss-import-15.1.0.tgz 0ms (cache hit)
1181 http cache postcss-js@https://registry.npmjs.org/postcss-js/-/postcss-js-4.1.0.tgz 0ms (cache hit)
1182 http cache object-hash@https://registry.npmjs.org/object-hash/-/object-hash-3.0.0.tgz 0ms (cache hit)
1183 http cache normalize-path@https://registry.npmjs.org/normalize-path/-/normalize-path-3.0.0.tgz 0ms (cache hit)
1184 http cache lilconfig@https://registry.npmjs.org/lilconfig/-/lilconfig-3.1.3.tgz 0ms (cache hit)
1185 http cache micromatch@https://registry.npmjs.org/micromatch/-/micromatch-4.0.8.tgz 0ms (cache hit)
1186 http cache jiti@https://registry.npmjs.org/jiti/-/jiti-1.21.7.tgz 0ms (cache hit)
1187 http cache is-glob@https://registry.npmjs.org/is-glob/-/is-glob-4.0.3.tgz 0ms (cache hit)
1188 http cache glob-parent@https://registry.npmjs.org/glob-parent/-/glob-parent-6.0.2.tgz 0ms (cache hit)
1189 http cache fast-glob@https://registry.npmjs.org/fast-glob/-/fast-glob-3.3.3.tgz 0ms (cache hit)
1190 http cache dlv@https://registry.npmjs.org/dlv/-/dlv-1.1.3.tgz 0ms (cache hit)
1191 http cache didyoumean@https://registry.npmjs.org/didyoumean/-/didyoumean-1.2.2.tgz 0ms (cache hit)
1192 http cache chokidar@https://registry.npmjs.org/chokidar/-/chokidar-3.6.0.tgz 0ms (cache hit)
1193 http cache arg@https://registry.npmjs.org/arg/-/arg-5.0.2.tgz 0ms (cache hit)
1194 http cache @alloc/quick-lru@https://registry.npmjs.org/@alloc/quick-lru/-/quick-lru-5.3.0.tgz 0ms (cache hit)
1195 http cache scheduler@https://registry.npmjs.org/scheduler/-/scheduler-0.23.2.tgz 0ms (cache hit)
1196 http cache react-router@https://registry.npmjs.org/react-router/-/react-router-6.30.6.tgz 0ms (cache hit)
1197 http cache source-map-js@https://registry.npmjs.org/source-map-js/-/source-map-js-1.2.1.tgz 0ms (cache hit)
1198 http cache @remix-run/router@https://registry.npmjs.org/@remix-run/router/-/router-1.23.4.tgz 0ms (cache hit)
1199 http cache nanoid@https://registry.npmjs.org/nanoid/-/nanoid-3.3.19.tgz 0ms (cache hit)
1200 http cache yallist@https://registry.npmjs.org/yallist/-/yallist-3.1.1.tgz 0ms (cache hit)
1201 http cache loose-envify@https://registry.npmjs.org/loose-envify/-/loose-envify-1.4.0.tgz 0ms (cache hit)
1202 http cache ms@https://registry.npmjs.org/ms/-/ms-2.1.3.tgz 0ms (cache hit)
1203 http cache node-releases@https://registry.npmjs.org/node-releases/-/node-releases-2.0.56.tgz 0ms (cache hit)
1204 http cache update-browserslist-db@https://registry.npmjs.org/update-browserslist-db/-/update-browserslist-db-1.3.3.tgz 0ms (cache hit)
1205 http cache electron-to-chromium@https://registry.npmjs.org/electron-to-chromium/-/electron-to-chromium-1.5.432.tgz 0ms (cache hit)
1206 http cache postcss-value-parser@https://registry.npmjs.org/postcss-value-parser/-/postcss-value-parser-4.2.0.tgz 0ms (cache hit)
1207 http cache baseline-browser-mapping@https://registry.npmjs.org/baseline-browser-mapping/-/baseline-browser-mapping-2.11.25.tgz 0ms (cache hit)
1208 http cache fraction.js@https://registry.npmjs.org/fraction.js/-/fraction.js-5.3.4.tgz 0ms (cache hit)
1209 http cache @types/babel__traverse@https://registry.npmjs.org/@types/babel__traverse/-/babel__traverse-7.28.0.tgz 0ms (cache hit)
1210 http cache @types/babel__template@https://registry.npmjs.org/@types/babel__template/-/babel__template-7.4.4.tgz 0ms (cache hit)
1211 http cache caniuse-lite@https://registry.npmjs.org/caniuse-lite/-/caniuse-lite-1.0.30001810.tgz 0ms (cache hit)
1212 http cache @types/babel__generator@https://registry.npmjs.org/@types/babel__generator/-/babel__generator-7.27.0.tgz 0ms (cache hit)
1213 http cache @jridgewell/resolve-uri@https://registry.npmjs.org/@jridgewell/resolve-uri/-/resolve-uri-3.1.2.tgz 0ms (cache hit)
1214 http cache @jridgewell/sourcemap-codec@https://registry.npmjs.org/@jridgewell/sourcemap-codec/-/sourcemap-codec-1.6.0.tgz 0ms (cache hit)
1215 http cache @babel/helper-string-parser@https://registry.npmjs.org/@babel/helper-string-parser/-/helper-string-parser-7.29.7.tgz 0ms (cache hit)
1216 http cache @babel/helper-globals@https://registry.npmjs.org/@babel/helper-globals/-/helper-globals-7.29.7.tgz 0ms (cache hit)
1217 http cache @babel/helper-plugin-utils@https://registry.npmjs.org/@babel/helper-plugin-utils/-/helper-plugin-utils-7.29.7.tgz 0ms (cache hit)
1218 http cache @babel/helper-module-imports@https://registry.npmjs.org/@babel/helper-module-imports/-/helper-module-imports-7.29.7.tgz 0ms (cache hit)
1219 http cache lru-cache@https://registry.npmjs.org/lru-cache/-/lru-cache-5.1.1.tgz 0ms (cache hit)
1220 http cache browserslist@https://registry.npmjs.org/browserslist/-/browserslist-4.29.0.tgz 0ms (cache hit)
1221 http cache @babel/helper-validator-option@https://registry.npmjs.org/@babel/helper-validator-option/-/helper-validator-option-7.29.7.tgz 0ms (cache hit)
1222 http cache @babel/compat-data@https://registry.npmjs.org/@babel/compat-data/-/compat-data-7.29.7.tgz 0ms (cache hit)
1223 http cache jsesc@https://registry.npmjs.org/jsesc/-/jsesc-3.1.0.tgz 0ms (cache hit)
1224 http cache @jridgewell/trace-mapping@https://registry.npmjs.org/@jridgewell/trace-mapping/-/trace-mapping-0.3.31.tgz 0ms (cache hit)
1225 http cache js-tokens@https://registry.npmjs.org/js-tokens/-/js-tokens-4.0.0.tgz 0ms (cache hit)
1226 http cache picocolors@https://registry.npmjs.org/picocolors/-/picocolors-1.1.1.tgz 0ms (cache hit)
1227 http cache semver@https://registry.npmjs.org/semver/-/semver-6.3.1.tgz 0ms (cache hit)
1228 http cache json5@https://registry.npmjs.org/json5/-/json5-2.2.3.tgz 0ms (cache hit)
1229 http cache @babel/helper-validator-identifier@https://registry.npmjs.org/@babel/helper-validator-identifier/-/helper-validator-identifier-7.29.7.tgz 0ms (cache hit)
1230 http cache gensync@https://registry.npmjs.org/gensync/-/gensync-1.0.0-beta.2.tgz 0ms (cache hit)
1231 http cache debug@https://registry.npmjs.org/debug/-/debug-4.4.3.tgz 0ms (cache hit)
1232 http cache convert-source-map@https://registry.npmjs.org/convert-source-map/-/convert-source-map-2.0.0.tgz 0ms (cache hit)
1233 http cache @jridgewell/remapping@https://registry.npmjs.org/@jridgewell/remapping/-/remapping-2.3.5.tgz 0ms (cache hit)
1234 http cache @babel/types@https://registry.npmjs.org/@babel/types/-/types-7.29.8.tgz 0ms (cache hit)
1235 http cache @babel/traverse@https://registry.npmjs.org/@babel/traverse/-/traverse-7.29.8.tgz 0ms (cache hit)
1236 http cache @babel/template@https://registry.npmjs.org/@babel/template/-/template-7.29.7.tgz 0ms (cache hit)
1237 http cache @babel/parser@https://registry.npmjs.org/@babel/parser/-/parser-7.29.9.tgz 0ms (cache hit)
1238 http cache @jridgewell/gen-mapping@https://registry.npmjs.org/@jridgewell/gen-mapping/-/gen-mapping-0.3.13.tgz 0ms (cache hit)
1239 http cache @babel/helpers@https://registry.npmjs.org/@babel/helpers/-/helpers-7.29.7.tgz 0ms (cache hit)
1240 http cache @babel/helper-module-transforms@https://registry.npmjs.org/@babel/helper-module-transforms/-/helper-module-transforms-7.29.7.tgz 0ms (cache hit)
1241 http cache @babel/helper-compilation-targets@https://registry.npmjs.org/@babel/helper-compilation-targets/-/helper-compilation-targets-7.29.7.tgz 0ms (cache hit)
1242 http cache @babel/generator@https://registry.npmjs.org/@babel/generator/-/generator-7.29.8.tgz 0ms (cache hit)
1243 http cache @babel/code-frame@https://registry.npmjs.org/@babel/code-frame/-/code-frame-7.29.7.tgz 0ms (cache hit)
1244 http cache react-refresh@https://registry.npmjs.org/react-refresh/-/react-refresh-0.17.0.tgz 0ms (cache hit)
1245 http cache @types/babel__core@https://registry.npmjs.org/@types/babel__core/-/babel__core-7.20.5.tgz 0ms (cache hit)
1246 http cache @babel/plugin-transform-react-jsx-source@https://registry.npmjs.org/@babel/plugin-transform-react-jsx-source/-/plugin-transform-react-jsx-source-7.29.7.tgz 0ms (cache hit)
1247 http cache @rolldown/pluginutils@https://registry.npmjs.org/@rolldown/pluginutils/-/pluginutils-1.0.0-beta.27.tgz 0ms (cache hit)
1248 http cache @babel/plugin-transform-react-jsx-self@https://registry.npmjs.org/@babel/plugin-transform-react-jsx-self/-/plugin-transform-react-jsx-self-7.29.7.tgz 0ms (cache hit)
1249 http cache @babel/core@https://registry.npmjs.org/@babel/core/-/core-7.29.7.tgz 0ms (cache hit)
1250 http cache csstype@https://registry.npmjs.org/csstype/-/csstype-3.2.3.tgz 0ms (cache hit)
1251 http cache @types/prop-types@https://registry.npmjs.org/@types/prop-types/-/prop-types-15.7.15.tgz 0ms (cache hit)
1252 http cache iceberg-js@https://registry.npmjs.org/iceberg-js/-/iceberg-js-0.8.1.tgz 0ms (cache hit)
1253 http cache @supabase/phoenix@https://registry.npmjs.org/@supabase/phoenix/-/phoenix-0.4.5.tgz 0ms (cache hit)
1254 http cache tslib@https://registry.npmjs.org/tslib/-/tslib-2.8.1.tgz 0ms (cache hit)
1255 http cache @supabase/storage-js@https://registry.npmjs.org/@supabase/storage-js/-/storage-js-2.116.0.tgz 0ms (cache hit)
1256 http cache @supabase/realtime-js@https://registry.npmjs.org/@supabase/realtime-js/-/realtime-js-2.116.0.tgz 0ms (cache hit)
1257 http cache @supabase/postgrest-js@https://registry.npmjs.org/@supabase/postgrest-js/-/postgrest-js-2.116.0.tgz 0ms (cache hit)
1258 http cache @supabase/functions-js@https://registry.npmjs.org/@supabase/functions-js/-/functions-js-2.116.0.tgz 0ms (cache hit)
1259 http cache typescript@https://registry.npmjs.org/typescript/-/typescript-5.9.3.tgz 0ms (cache hit)
1260 http cache @supabase/auth-js@https://registry.npmjs.org/@supabase/auth-js/-/auth-js-2.116.0.tgz 0ms (cache hit)
1261 http cache tailwindcss@https://registry.npmjs.org/tailwindcss/-/tailwindcss-3.4.19.tgz 0ms (cache hit)
1262 http cache react-router-dom@https://registry.npmjs.org/react-router-dom/-/react-router-dom-6.30.6.tgz 0ms (cache hit)
1263 http cache react-dom@https://registry.npmjs.org/react-dom/-/react-dom-18.3.1.tgz 0ms (cache hit)
1264 http cache react@https://registry.npmjs.org/react/-/react-18.3.1.tgz 0ms (cache hit)
1265 http cache postcss@https://registry.npmjs.org/postcss/-/postcss-8.5.28.tgz 0ms (cache hit)
1266 http cache autoprefixer@https://registry.npmjs.org/autoprefixer/-/autoprefixer-10.6.1.tgz 0ms (cache hit)
1267 http cache vite@https://registry.npmjs.org/vite/-/vite-5.4.21.tgz 0ms (cache hit)
1268 http cache @vitejs/plugin-react@https://registry.npmjs.org/@vitejs/plugin-react/-/plugin-react-4.7.0.tgz 0ms (cache hit)
1269 http cache @types/react-dom@https://registry.npmjs.org/@types/react-dom/-/react-dom-18.3.7.tgz 0ms (cache hit)
1270 http cache @types/react@https://registry.npmjs.org/@types/react/-/react-18.3.31.tgz 0ms (cache hit)
1271 http cache @supabase/supabase-js@https://registry.npmjs.org/@supabase/supabase-js/-/supabase-js-2.116.0.tgz 0ms (cache hit)
1272 http cache picomatch@https://registry.npmjs.org/picomatch/-/picomatch-4.0.7.tgz 0ms (cache hit)
1273 http cache fdir@https://registry.npmjs.org/fdir/-/fdir-6.5.0.tgz 0ms (cache hit)
1274 http cache glob-parent@https://registry.npmjs.org/glob-parent/-/glob-parent-5.1.2.tgz 0ms (cache hit)
1275 silly tarball no local data for @types/estree@https://registry.npmjs.org/@types/estree/-/estree-1.0.9.tgz. Extracting by manifest.
1276 silly tarball no local data for @rollup/rollup-linux-x64-gnu@https://registry.npmjs.org/@rollup/rollup-linux-x64-gnu/-/rollup-linux-x64-gnu-4.63.3.tgz. Extracting by manifest.
1277 silly tarball no local data for @esbuild/linux-x64@https://registry.npmjs.org/@esbuild/linux-x64/-/linux-x64-0.21.5.tgz. Extracting by manifest.
1278 silly tarball no local data for rollup@https://registry.npmjs.org/rollup/-/rollup-4.63.3.tgz. Extracting by manifest.
1279 silly tarball no local data for esbuild@https://registry.npmjs.org/esbuild/-/esbuild-0.21.5.tgz. Extracting by manifest.
1280 silly tarball no local data for escalade@https://registry.npmjs.org/escalade/-/escalade-3.2.0.tgz. Extracting by manifest.
1281 silly tarball no local data for is-number@https://registry.npmjs.org/is-number/-/is-number-7.0.0.tgz. Extracting by manifest.
1282 silly tarball no local data for thenify@https://registry.npmjs.org/thenify/-/thenify-3.3.1.tgz. Extracting by manifest.
1283 silly tarball no local data for thenify-all@https://registry.npmjs.org/thenify-all/-/thenify-all-1.6.0.tgz. Extracting by manifest.
1284 http cache glob-parent@https://registry.npmjs.org/glob-parent/-/glob-parent-5.1.2.tgz 0ms (cache hit)
1285 silly tarball no local data for any-promise@https://registry.npmjs.org/any-promise/-/any-promise-1.3.0.tgz. Extracting by manifest.
1286 silly tarball no local data for ts-interface-checker@https://registry.npmjs.org/ts-interface-checker/-/ts-interface-checker-0.1.13.tgz. Extracting by manifest.
1287 silly tarball no local data for object-assign@https://registry.npmjs.org/object-assign/-/object-assign-4.1.1.tgz. Extracting by manifest.
1288 silly tarball no local data for tinyglobby@https://registry.npmjs.org/tinyglobby/-/tinyglobby-0.2.17.tgz. Extracting by manifest.
1289 silly tarball no local data for pirates@https://registry.npmjs.org/pirates/-/pirates-4.0.7.tgz. Extracting by manifest.
1290 silly tarball no local data for mz@https://registry.npmjs.org/mz/-/mz-2.7.0.tgz. Extracting by manifest.
1291 silly tarball no local data for commander@https://registry.npmjs.org/commander/-/commander-4.1.1.tgz. Extracting by manifest.
1292 silly tarball no local data for lines-and-columns@https://registry.npmjs.org/lines-and-columns/-/lines-and-columns-1.2.4.tgz. Extracting by manifest.
1293 silly tarball no local data for queue-microtask@https://registry.npmjs.org/queue-microtask/-/queue-microtask-1.2.3.tgz. Extracting by manifest.
1294 silly tarball no local data for function-bind@https://registry.npmjs.org/function-bind/-/function-bind-1.1.2.tgz. Extracting by manifest.
1295 silly tarball no local data for hasown@https://registry.npmjs.org/hasown/-/hasown-2.0.4.tgz. Extracting by manifest.
1296 silly tarball no local data for supports-preserve-symlinks-flag@https://registry.npmjs.org/supports-preserve-symlinks-flag/-/supports-preserve-symlinks-flag-1.0.0.tgz. Extracting by manifest.
1297 silly tarball no local data for path-parse@https://registry.npmjs.org/path-parse/-/path-parse-1.0.7.tgz. Extracting by manifest.
1298 silly tarball no local data for is-core-module@https://registry.npmjs.org/is-core-module/-/is-core-module-2.17.0.tgz. Extracting by manifest.
1299 silly tarball no local data for es-errors@https://registry.npmjs.org/es-errors/-/es-errors-1.3.0.tgz. Extracting by manifest.
1300 silly tarball no local data for util-deprecate@https://registry.npmjs.org/util-deprecate/-/util-deprecate-1.0.2.tgz. Extracting by manifest.
1301 silly tarball no local data for cssesc@https://registry.npmjs.org/cssesc/-/cssesc-3.0.0.tgz. Extracting by manifest.
1302 silly tarball no local data for read-cache@https://registry.npmjs.org/read-cache/-/read-cache-1.0.2.tgz. Extracting by manifest.
1303 silly tarball no local data for camelcase-css@https://registry.npmjs.org/camelcase-css/-/camelcase-css-2.0.1.tgz. Extracting by manifest.
1304 silly tarball no local data for is-extglob@https://registry.npmjs.org/is-extglob/-/is-extglob-2.1.1.tgz. Extracting by manifest.
1305 silly tarball no local data for binary-extensions@https://registry.npmjs.org/binary-extensions/-/binary-extensions-2.3.0.tgz. Extracting by manifest.
1306 silly tarball no local data for to-regex-range@https://registry.npmjs.org/to-regex-range/-/to-regex-range-5.0.1.tgz. Extracting by manifest.
1307 silly tarball no local data for reusify@https://registry.npmjs.org/reusify/-/reusify-1.1.0.tgz. Extracting by manifest.
1308 silly tarball no local data for @napi-rs/lzma-linux-x64-gnu@https://registry.npmjs.org/@napi-rs/lzma-linux-x64-gnu/-/lzma-linux-x64-gnu-1.5.1.tgz. Extracting by manifest.
1309 silly tarball no local data for run-parallel@https://registry.npmjs.org/run-parallel/-/run-parallel-1.2.0.tgz. Extracting by manifest.
1310 silly tarball no local data for fastq@https://registry.npmjs.org/fastq/-/fastq-1.20.3.tgz. Extracting by manifest.
1311 silly tarball no local data for @nodelib/fs.scandir@https://registry.npmjs.org/@nodelib/fs.scandir/-/fs.scandir-2.1.5.tgz. Extracting by manifest.
1312 silly tarball no local data for merge2@https://registry.npmjs.org/merge2/-/merge2-1.4.1.tgz. Extracting by manifest.
1313 silly tarball no local data for @nodelib/fs.stat@https://registry.npmjs.org/@nodelib/fs.stat/-/fs.stat-2.0.5.tgz. Extracting by manifest.
1314 silly tarball no local data for @nodelib/fs.walk@https://registry.npmjs.org/@nodelib/fs.walk/-/fs.walk-1.2.8.tgz. Extracting by manifest.
1315 silly tarball no local data for fill-range@https://registry.npmjs.org/fill-range/-/fill-range-7.1.1.tgz. Extracting by manifest.
1316 silly tarball no local data for picomatch@https://registry.npmjs.org/picomatch/-/picomatch-2.3.2.tgz. Extracting by manifest.
1317 silly tarball no local data for readdirp@https://registry.npmjs.org/readdirp/-/readdirp-3.6.0.tgz. Extracting by manifest.
1318 silly tarball no local data for is-binary-path@https://registry.npmjs.org/is-binary-path/-/is-binary-path-2.1.0.tgz. Extracting by manifest.
1319 silly tarball no local data for braces@https://registry.npmjs.org/braces/-/braces-3.0.3.tgz. Extracting by manifest.
1320 silly tarball no local data for anymatch@https://registry.npmjs.org/anymatch/-/anymatch-3.1.3.tgz. Extracting by manifest.
1321 silly tarball no local data for sucrase@https://registry.npmjs.org/sucrase/-/sucrase-3.35.1.tgz. Extracting by manifest.
1322 silly tarball no local data for resolve@https://registry.npmjs.org/resolve/-/resolve-1.22.12.tgz. Extracting by manifest.
1323 silly tarball no local data for postcss-selector-parser@https://registry.npmjs.org/postcss-selector-parser/-/postcss-selector-parser-6.1.4.tgz. Extracting by manifest.
1324 silly tarball no local data for postcss-nested@https://registry.npmjs.org/postcss-nested/-/postcss-nested-6.2.0.tgz. Extracting by manifest.
1325 silly tarball no local data for postcss-load-config@https://registry.npmjs.org/postcss-load-config/-/postcss-load-config-6.0.1.tgz. Extracting by manifest.
1326 silly tarball no local data for postcss-import@https://registry.npmjs.org/postcss-import/-/postcss-import-15.1.0.tgz. Extracting by manifest.
1327 silly tarball no local data for postcss-js@https://registry.npmjs.org/postcss-js/-/postcss-js-4.1.0.tgz. Extracting by manifest.
1328 silly tarball no local data for object-hash@https://registry.npmjs.org/object-hash/-/object-hash-3.0.0.tgz. Extracting by manifest.
1329 silly tarball no local data for normalize-path@https://registry.npmjs.org/normalize-path/-/normalize-path-3.0.0.tgz. Extracting by manifest.
1330 silly tarball no local data for lilconfig@https://registry.npmjs.org/lilconfig/-/lilconfig-3.1.3.tgz. Extracting by manifest.
1331 silly tarball no local data for micromatch@https://registry.npmjs.org/micromatch/-/micromatch-4.0.8.tgz. Extracting by manifest.
1332 silly tarball no local data for jiti@https://registry.npmjs.org/jiti/-/jiti-1.21.7.tgz. Extracting by manifest.
1333 silly tarball no local data for is-glob@https://registry.npmjs.org/is-glob/-/is-glob-4.0.3.tgz. Extracting by manifest.
1334 silly tarball no local data for glob-parent@https://registry.npmjs.org/glob-parent/-/glob-parent-6.0.2.tgz. Extracting by manifest.
1335 silly tarball no local data for fast-glob@https://registry.npmjs.org/fast-glob/-/fast-glob-3.3.3.tgz. Extracting by manifest.
1336 silly tarball no local data for dlv@https://registry.npmjs.org/dlv/-/dlv-1.1.3.tgz. Extracting by manifest.
1337 silly tarball no local data for didyoumean@https://registry.npmjs.org/didyoumean/-/didyoumean-1.2.2.tgz. Extracting by manifest.
1338 silly tarball no local data for chokidar@https://registry.npmjs.org/chokidar/-/chokidar-3.6.0.tgz. Extracting by manifest.
1339 silly tarball no local data for arg@https://registry.npmjs.org/arg/-/arg-5.0.2.tgz. Extracting by manifest.
1340 silly tarball no local data for @alloc/quick-lru@https://registry.npmjs.org/@alloc/quick-lru/-/quick-lru-5.3.0.tgz. Extracting by manifest.
1341 silly tarball no local data for scheduler@https://registry.npmjs.org/scheduler/-/scheduler-0.23.2.tgz. Extracting by manifest.
1342 silly tarball no local data for react-router@https://registry.npmjs.org/react-router/-/react-router-6.30.6.tgz. Extracting by manifest.
1343 silly tarball no local data for source-map-js@https://registry.npmjs.org/source-map-js/-/source-map-js-1.2.1.tgz. Extracting by manifest.
1344 silly tarball no local data for @remix-run/router@https://registry.npmjs.org/@remix-run/router/-/router-1.23.4.tgz. Extracting by manifest.
1345 silly tarball no local data for nanoid@https://registry.npmjs.org/nanoid/-/nanoid-3.3.19.tgz. Extracting by manifest.
1346 silly tarball no local data for yallist@https://registry.npmjs.org/yallist/-/yallist-3.1.1.tgz. Extracting by manifest.
1347 silly tarball no local data for loose-envify@https://registry.npmjs.org/loose-envify/-/loose-envify-1.4.0.tgz. Extracting by manifest.
1348 silly tarball no local data for ms@https://registry.npmjs.org/ms/-/ms-2.1.3.tgz. Extracting by manifest.
1349 silly tarball no local data for node-releases@https://registry.npmjs.org/node-releases/-/node-releases-2.0.56.tgz. Extracting by manifest.
1350 silly tarball no local data for update-browserslist-db@https://registry.npmjs.org/update-browserslist-db/-/update-browserslist-db-1.3.3.tgz. Extracting by manifest.
1351 silly tarball no local data for electron-to-chromium@https://registry.npmjs.org/electron-to-chromium/-/electron-to-chromium-1.5.432.tgz. Extracting by manifest.
1352 silly tarball no local data for postcss-value-parser@https://registry.npmjs.org/postcss-value-parser/-/postcss-value-parser-4.2.0.tgz. Extracting by manifest.
1353 silly tarball no local data for baseline-browser-mapping@https://registry.npmjs.org/baseline-browser-mapping/-/baseline-browser-mapping-2.11.25.tgz. Extracting by manifest.
1354 silly tarball no local data for fraction.js@https://registry.npmjs.org/fraction.js/-/fraction.js-5.3.4.tgz. Extracting by manifest.
1355 silly tarball no local data for @types/babel__traverse@https://registry.npmjs.org/@types/babel__traverse/-/babel__traverse-7.28.0.tgz. Extracting by manifest.
1356 silly tarball no local data for @types/babel__template@https://registry.npmjs.org/@types/babel__template/-/babel__template-7.4.4.tgz. Extracting by manifest.
1357 silly tarball no local data for caniuse-lite@https://registry.npmjs.org/caniuse-lite/-/caniuse-lite-1.0.30001810.tgz. Extracting by manifest.
1358 silly tarball no local data for @types/babel__generator@https://registry.npmjs.org/@types/babel__generator/-/babel__generator-7.27.0.tgz. Extracting by manifest.
1359 silly tarball no local data for @jridgewell/resolve-uri@https://registry.npmjs.org/@jridgewell/resolve-uri/-/resolve-uri-3.1.2.tgz. Extracting by manifest.
1360 silly tarball no local data for @jridgewell/sourcemap-codec@https://registry.npmjs.org/@jridgewell/sourcemap-codec/-/sourcemap-codec-1.6.0.tgz. Extracting by manifest.
1361 silly tarball no local data for @babel/helper-string-parser@https://registry.npmjs.org/@babel/helper-string-parser/-/helper-string-parser-7.29.7.tgz. Extracting by manifest.
1362 silly tarball no local data for @babel/helper-globals@https://registry.npmjs.org/@babel/helper-globals/-/helper-globals-7.29.7.tgz. Extracting by manifest.
1363 silly tarball no local data for @babel/helper-plugin-utils@https://registry.npmjs.org/@babel/helper-plugin-utils/-/helper-plugin-utils-7.29.7.tgz. Extracting by manifest.
1364 silly tarball no local data for @babel/helper-module-imports@https://registry.npmjs.org/@babel/helper-module-imports/-/helper-module-imports-7.29.7.tgz. Extracting by manifest.
1365 silly tarball no local data for lru-cache@https://registry.npmjs.org/lru-cache/-/lru-cache-5.1.1.tgz. Extracting by manifest.
1366 silly tarball no local data for browserslist@https://registry.npmjs.org/browserslist/-/browserslist-4.29.0.tgz. Extracting by manifest.
1367 silly tarball no local data for @babel/helper-validator-option@https://registry.npmjs.org/@babel/helper-validator-option/-/helper-validator-option-7.29.7.tgz. Extracting by manifest.
1368 silly tarball no local data for @babel/compat-data@https://registry.npmjs.org/@babel/compat-data/-/compat-data-7.29.7.tgz. Extracting by manifest.
1369 silly tarball no local data for jsesc@https://registry.npmjs.org/jsesc/-/jsesc-3.1.0.tgz. Extracting by manifest.
1370 silly tarball no local data for @jridgewell/trace-mapping@https://registry.npmjs.org/@jridgewell/trace-mapping/-/trace-mapping-0.3.31.tgz. Extracting by manifest.
1371 silly tarball no local data for js-tokens@https://registry.npmjs.org/js-tokens/-/js-tokens-4.0.0.tgz. Extracting by manifest.
1372 silly tarball no local data for picocolors@https://registry.npmjs.org/picocolors/-/picocolors-1.1.1.tgz. Extracting by manifest.
1373 silly tarball no local data for semver@https://registry.npmjs.org/semver/-/semver-6.3.1.tgz. Extracting by manifest.
1374 silly tarball no local data for json5@https://registry.npmjs.org/json5/-/json5-2.2.3.tgz. Extracting by manifest.
1375 silly tarball no local data for @babel/helper-validator-identifier@https://registry.npmjs.org/@babel/helper-validator-identifier/-/helper-validator-identifier-7.29.7.tgz. Extracting by manifest.
1376 silly tarball no local data for gensync@https://registry.npmjs.org/gensync/-/gensync-1.0.0-beta.2.tgz. Extracting by manifest.
1377 silly tarball no local data for debug@https://registry.npmjs.org/debug/-/debug-4.4.3.tgz. Extracting by manifest.
1378 silly tarball no local data for convert-source-map@https://registry.npmjs.org/convert-source-map/-/convert-source-map-2.0.0.tgz. Extracting by manifest.
1379 silly tarball no local data for @jridgewell/remapping@https://registry.npmjs.org/@jridgewell/remapping/-/remapping-2.3.5.tgz. Extracting by manifest.
1380 silly tarball no local data for @babel/types@https://registry.npmjs.org/@babel/types/-/types-7.29.8.tgz. Extracting by manifest.
1381 silly tarball no local data for @babel/traverse@https://registry.npmjs.org/@babel/traverse/-/traverse-7.29.8.tgz. Extracting by manifest.
1382 silly tarball no local data for @babel/template@https://registry.npmjs.org/@babel/template/-/template-7.29.7.tgz. Extracting by manifest.
1383 silly tarball no local data for @babel/parser@https://registry.npmjs.org/@babel/parser/-/parser-7.29.9.tgz. Extracting by manifest.
1384 silly tarball no local data for @jridgewell/gen-mapping@https://registry.npmjs.org/@jridgewell/gen-mapping/-/gen-mapping-0.3.13.tgz. Extracting by manifest.
1385 silly tarball no local data for @babel/helpers@https://registry.npmjs.org/@babel/helpers/-/helpers-7.29.7.tgz. Extracting by manifest.
1386 silly tarball no local data for @babel/helper-module-transforms@https://registry.npmjs.org/@babel/helper-module-transforms/-/helper-module-transforms-7.29.7.tgz. Extracting by manifest.
1387 silly tarball no local data for @babel/helper-compilation-targets@https://registry.npmjs.org/@babel/helper-compilation-targets/-/helper-compilation-targets-7.29.7.tgz. Extracting by manifest.
1388 silly tarball no local data for @babel/generator@https://registry.npmjs.org/@babel/generator/-/generator-7.29.8.tgz. Extracting by manifest.
1389 silly tarball no local data for @babel/code-frame@https://registry.npmjs.org/@babel/code-frame/-/code-frame-7.29.7.tgz. Extracting by manifest.
1390 silly tarball no local data for react-refresh@https://registry.npmjs.org/react-refresh/-/react-refresh-0.17.0.tgz. Extracting by manifest.
1391 silly tarball no local data for @types/babel__core@https://registry.npmjs.org/@types/babel__core/-/babel__core-7.20.5.tgz. Extracting by manifest.
1392 silly tarball no local data for @babel/plugin-transform-react-jsx-source@https://registry.npmjs.org/@babel/plugin-transform-react-jsx-source/-/plugin-transform-react-jsx-source-7.29.7.tgz. Extracting by manifest.
1393 silly tarball no local data for @rolldown/pluginutils@https://registry.npmjs.org/@rolldown/pluginutils/-/pluginutils-1.0.0-beta.27.tgz. Extracting by manifest.
1394 silly tarball no local data for @babel/plugin-transform-react-jsx-self@https://registry.npmjs.org/@babel/plugin-transform-react-jsx-self/-/plugin-transform-react-jsx-self-7.29.7.tgz. Extracting by manifest.
1395 silly tarball no local data for @babel/core@https://registry.npmjs.org/@babel/core/-/core-7.29.7.tgz. Extracting by manifest.
1396 silly tarball no local data for csstype@https://registry.npmjs.org/csstype/-/csstype-3.2.3.tgz. Extracting by manifest.
1397 silly tarball no local data for @types/prop-types@https://registry.npmjs.org/@types/prop-types/-/prop-types-15.7.15.tgz. Extracting by manifest.
1398 silly tarball no local data for iceberg-js@https://registry.npmjs.org/iceberg-js/-/iceberg-js-0.8.1.tgz. Extracting by manifest.
1399 silly tarball no local data for @supabase/phoenix@https://registry.npmjs.org/@supabase/phoenix/-/phoenix-0.4.5.tgz. Extracting by manifest.
1400 silly tarball no local data for tslib@https://registry.npmjs.org/tslib/-/tslib-2.8.1.tgz. Extracting by manifest.
1401 silly tarball no local data for @supabase/storage-js@https://registry.npmjs.org/@supabase/storage-js/-/storage-js-2.116.0.tgz. Extracting by manifest.
1402 silly tarball no local data for @supabase/realtime-js@https://registry.npmjs.org/@supabase/realtime-js/-/realtime-js-2.116.0.tgz. Extracting by manifest.
1403 silly tarball no local data for @supabase/postgrest-js@https://registry.npmjs.org/@supabase/postgrest-js/-/postgrest-js-2.116.0.tgz. Extracting by manifest.
1404 silly tarball no local data for @supabase/functions-js@https://registry.npmjs.org/@supabase/functions-js/-/functions-js-2.116.0.tgz. Extracting by manifest.
1405 silly tarball no local data for typescript@https://registry.npmjs.org/typescript/-/typescript-5.9.3.tgz. Extracting by manifest.
1406 silly tarball no local data for @supabase/auth-js@https://registry.npmjs.org/@supabase/auth-js/-/auth-js-2.116.0.tgz. Extracting by manifest.
1407 silly tarball no local data for tailwindcss@https://registry.npmjs.org/tailwindcss/-/tailwindcss-3.4.19.tgz. Extracting by manifest.
1408 silly tarball no local data for react-router-dom@https://registry.npmjs.org/react-router-dom/-/react-router-dom-6.30.6.tgz. Extracting by manifest.
1409 silly tarball no local data for react-dom@https://registry.npmjs.org/react-dom/-/react-dom-18.3.1.tgz. Extracting by manifest.
1410 silly tarball no local data for react@https://registry.npmjs.org/react/-/react-18.3.1.tgz. Extracting by manifest.
1411 silly tarball no local data for postcss@https://registry.npmjs.org/postcss/-/postcss-8.5.28.tgz. Extracting by manifest.
1412 silly tarball no local data for autoprefixer@https://registry.npmjs.org/autoprefixer/-/autoprefixer-10.6.1.tgz. Extracting by manifest.
1413 silly tarball no local data for vite@https://registry.npmjs.org/vite/-/vite-5.4.21.tgz. Extracting by manifest.
1414 silly tarball no local data for @vitejs/plugin-react@https://registry.npmjs.org/@vitejs/plugin-react/-/plugin-react-4.7.0.tgz. Extracting by manifest.
1415 silly tarball no local data for @types/react-dom@https://registry.npmjs.org/@types/react-dom/-/react-dom-18.3.7.tgz. Extracting by manifest.
1416 silly tarball no local data for @types/react@https://registry.npmjs.org/@types/react/-/react-18.3.31.tgz. Extracting by manifest.
1417 silly tarball no local data for @supabase/supabase-js@https://registry.npmjs.org/@supabase/supabase-js/-/supabase-js-2.116.0.tgz. Extracting by manifest.
1418 silly tarball no local data for picomatch@https://registry.npmjs.org/picomatch/-/picomatch-4.0.7.tgz. Extracting by manifest.
1419 silly tarball no local data for fdir@https://registry.npmjs.org/fdir/-/fdir-6.5.0.tgz. Extracting by manifest.
1420 silly tarball no local data for glob-parent@https://registry.npmjs.org/glob-parent/-/glob-parent-5.1.2.tgz. Extracting by manifest.
1421 silly tarball no local data for glob-parent@https://registry.npmjs.org/glob-parent/-/glob-parent-5.1.2.tgz. Extracting by manifest.
1422 http fetch POST 200 https://registry.npmjs.org/-/npm/v1/security/advisories/bulk 496ms
1423 silly audit report {
1423 silly audit report   vite: [
1423 silly audit report     {
1423 silly audit report       id: 1120784,
1423 silly audit report       url: 'https://github.com/advisories/GHSA-v6wh-96g9-6wx3',
1423 silly audit report       title: 'launch-editor: NTLMv2 hash disclosure via UNC path handling on Windows',
1423 silly audit report       severity: 'moderate',
1423 silly audit report       vulnerable_versions: '<=6.4.2',
1423 silly audit report       cwe: [Array],
1423 silly audit report       cvss: [Object]
1423 silly audit report     },
1423 silly audit report     {
1423 silly audit report       id: 1116229,
1423 silly audit report       url: 'https://github.com/advisories/GHSA-4w7w-66w2-5vf9',
1423 silly audit report       title: 'Vite Vulnerable to Path Traversal in Optimized Deps `.map` Handling',
1423 silly audit report       severity: 'moderate',
1423 silly audit report       vulnerable_versions: '<=6.4.1',
1423 silly audit report       cwe: [Array],
1423 silly audit report       cvss: [Object]
1423 silly audit report     },
1423 silly audit report     {
1423 silly audit report       id: 1123525,
1423 silly audit report       url: 'https://github.com/advisories/GHSA-fx2h-pf6j-xcff',
1423 silly audit report       title: 'vite: `server.fs.deny` bypass on Windows alternate paths',
1423 silly audit report       severity: 'high',
1423 silly audit report       vulnerable_versions: '<=6.4.2',
1423 silly audit report       cwe: [Array],
1423 silly audit report       cvss: [Object]
1423 silly audit report     }
1423 silly audit report   ],
1423 silly audit report   'react-router': [
1423 silly audit report     {
1423 silly audit report       id: 1124268,
1423 silly audit report       url: 'https://github.com/advisories/GHSA-wrjc-x8rr-h8h6',
1423 silly audit report       title: 'React Router: Open redirect via backslash in <Link> and useNavigate (CVE-2025-68470 bypass)',
1423 silly audit report       severity: 'moderate',
1423 silly audit report       vulnerable_versions: '>=6.0.0 <7.18.0',
1423 silly audit report       cwe: [Array],
1423 silly audit report       cvss: [Object]
1423 silly audit report     },
1423 silly audit report     {
1423 silly audit report       id: 1124272,
1423 silly audit report       url: 'https://github.com/advisories/GHSA-337j-9hxr-rhxg',
1423 silly audit report       title: 'React Router: Arbitrary Constructor Injection via deserializeErrors() in React Router SSR Hydration',
1423 silly audit report       severity: 'moderate',
1423 silly audit report       vulnerable_versions: '>=6.4.0 <7.18.0',
1423 silly audit report       cwe: [Array],
1423 silly audit report       cvss: [Object]
1423 silly audit report     }
1423 silly audit report   ],
1423 silly audit report   esbuild: [
1423 silly audit report     {
1423 silly audit report       id: 1102341,
1423 silly audit report       url: 'https://github.com/advisories/GHSA-67mh-4wv8-2f99',
1423 silly audit report       title: 'esbuild enables any website to send any requests to the development server and read the response',
1423 silly audit report       severity: 'moderate',
1423 silly audit report       vulnerable_versions: '<=0.24.2',
1423 silly audit report       cwe: [Array],
1423 silly audit report       cvss: [Object]
1423 silly audit report     }
1423 silly audit report   ]
1423 silly audit report }
1424 silly packumentCache corgi:https://registry.npmjs.org/vite cache-miss
1425 silly packumentCache corgi:https://registry.npmjs.org/react-router cache-miss
1426 silly packumentCache corgi:https://registry.npmjs.org/esbuild cache-miss
1427 http fetch GET 200 https://registry.npmjs.org/@types/estree/-/estree-1.0.9.tgz 1063ms (cache miss)
1428 http fetch GET 200 https://registry.npmjs.org/commander/-/commander-4.1.1.tgz 1048ms (cache miss)
1429 http fetch GET 200 https://registry.npmjs.org/esbuild/-/esbuild-0.21.5.tgz 1058ms (cache miss)
1430 http fetch GET 200 https://registry.npmjs.org/escalade/-/escalade-3.2.0.tgz 1080ms (cache miss)
1431 http fetch GET 200 https://registry.npmjs.org/function-bind/-/function-bind-1.1.2.tgz 1070ms (cache miss)
1432 http fetch GET 200 https://registry.npmjs.org/queue-microtask/-/queue-microtask-1.2.3.tgz 1071ms (cache miss)
1433 http fetch GET 200 https://registry.npmjs.org/cssesc/-/cssesc-3.0.0.tgz 1063ms (cache miss)
1434 http fetch GET 200 https://registry.npmjs.org/es-errors/-/es-errors-1.3.0.tgz 1065ms (cache miss)
1435 http fetch GET 200 https://registry.npmjs.org/path-parse/-/path-parse-1.0.7.tgz 1088ms (cache miss)
1436 http fetch GET 200 https://registry.npmjs.org/hasown/-/hasown-2.0.4.tgz 1091ms (cache miss)
1437 http fetch GET 200 https://registry.npmjs.org/reusify/-/reusify-1.1.0.tgz 1080ms (cache miss)
1438 http fetch GET 200 https://registry.npmjs.org/lines-and-columns/-/lines-and-columns-1.2.4.tgz 1113ms (cache miss)
1439 http fetch GET 200 https://registry.npmjs.org/supports-preserve-symlinks-flag/-/supports-preserve-symlinks-flag-1.0.0.tgz 1110ms (cache miss)
1440 http fetch GET 200 https://registry.npmjs.org/util-deprecate/-/util-deprecate-1.0.2.tgz 1106ms (cache miss)
1441 http fetch GET 200 https://registry.npmjs.org/mz/-/mz-2.7.0.tgz 1119ms (cache miss)
1442 http fetch GET 200 https://registry.npmjs.org/is-core-module/-/is-core-module-2.17.0.tgz 1125ms (cache miss)
1443 http fetch GET 200 https://registry.npmjs.org/is-extglob/-/is-extglob-2.1.1.tgz 1120ms (cache miss)
1444 http fetch GET 200 https://registry.npmjs.org/to-regex-range/-/to-regex-range-5.0.1.tgz 1119ms (cache miss)
1445 http fetch GET 200 https://registry.npmjs.org/fastq/-/fastq-1.20.3.tgz 1113ms (cache miss)
1446 http fetch GET 200 https://registry.npmjs.org/read-cache/-/read-cache-1.0.2.tgz 1152ms (cache miss)
1447 http fetch GET 200 https://registry.npmjs.org/camelcase-css/-/camelcase-css-2.0.1.tgz 1151ms (cache miss)
1448 http fetch GET 200 https://registry.npmjs.org/run-parallel/-/run-parallel-1.2.0.tgz 1143ms (cache miss)
1449 http fetch GET 200 https://registry.npmjs.org/fill-range/-/fill-range-7.1.1.tgz 1138ms (cache miss)
1450 http fetch GET 200 https://registry.npmjs.org/binary-extensions/-/binary-extensions-2.3.0.tgz 1167ms (cache miss)
1451 http fetch GET 200 https://registry.npmjs.org/thenify-all/-/thenify-all-1.6.0.tgz 1186ms (cache miss)
1452 http fetch GET 200 https://registry.npmjs.org/merge2/-/merge2-1.4.1.tgz 1158ms (cache miss)
1453 http fetch GET 200 https://registry.npmjs.org/@nodelib/fs.stat/-/fs.stat-2.0.5.tgz 1158ms (cache miss)
1454 http fetch GET 200 https://registry.npmjs.org/readdirp/-/readdirp-3.6.0.tgz 1179ms (cache miss)
1455 http fetch GET 200 https://registry.npmjs.org/pirates/-/pirates-4.0.7.tgz 1214ms (cache miss)
1456 http fetch GET 200 https://registry.npmjs.org/object-hash/-/object-hash-3.0.0.tgz 1177ms (cache miss)
1457 http fetch GET 200 https://registry.npmjs.org/glob-parent/-/glob-parent-6.0.2.tgz 1176ms (cache miss)
1458 http fetch GET 200 https://registry.npmjs.org/is-number/-/is-number-7.0.0.tgz 1244ms (cache miss)
1459 http fetch GET 200 https://registry.npmjs.org/object-assign/-/object-assign-4.1.1.tgz 1241ms (cache miss)
1460 http fetch GET 200 https://registry.npmjs.org/is-binary-path/-/is-binary-path-2.1.0.tgz 1209ms (cache miss)
1461 http fetch GET 200 https://registry.npmjs.org/anymatch/-/anymatch-3.1.3.tgz 1208ms (cache miss)
1462 http fetch GET 200 https://registry.npmjs.org/@nodelib/fs.scandir/-/fs.scandir-2.1.5.tgz 1219ms (cache miss)
1463 http fetch GET 200 https://registry.npmjs.org/lilconfig/-/lilconfig-3.1.3.tgz 1204ms (cache miss)
1464 http fetch GET 200 https://registry.npmjs.org/arg/-/arg-5.0.2.tgz 1200ms (cache miss)
1465 http fetch GET 200 https://registry.npmjs.org/thenify/-/thenify-3.3.1.tgz 1269ms (cache miss)
1466 http fetch GET 200 https://registry.npmjs.org/normalize-path/-/normalize-path-3.0.0.tgz 1224ms (cache miss)
1467 http fetch GET 200 https://registry.npmjs.org/postcss-js/-/postcss-js-4.1.0.tgz 1226ms (cache miss)
1468 http fetch GET 200 https://registry.npmjs.org/didyoumean/-/didyoumean-1.2.2.tgz 1221ms (cache miss)
1469 http fetch GET 200 https://registry.npmjs.org/postcss-nested/-/postcss-nested-6.2.0.tgz 1240ms (cache miss)
1470 http fetch GET 200 https://registry.npmjs.org/dlv/-/dlv-1.1.3.tgz 1233ms (cache miss)
1471 http fetch GET 200 https://registry.npmjs.org/micromatch/-/micromatch-4.0.8.tgz 1246ms (cache miss)
1472 http fetch GET 200 https://registry.npmjs.org/postcss-value-parser/-/postcss-value-parser-4.2.0.tgz 1235ms (cache miss)
1473 http fetch GET 200 https://registry.npmjs.org/ms/-/ms-2.1.3.tgz 1238ms (cache miss)
1474 http fetch GET 200 https://registry.npmjs.org/nanoid/-/nanoid-3.3.19.tgz 1241ms (cache miss)
1475 http fetch GET 200 https://registry.npmjs.org/@types/babel__generator/-/babel__generator-7.27.0.tgz 1233ms (cache miss)
1476 http fetch GET 200 https://registry.npmjs.org/@babel/helper-string-parser/-/helper-string-parser-7.29.7.tgz 1232ms (cache miss)
1477 http fetch GET 200 https://registry.npmjs.org/is-glob/-/is-glob-4.0.3.tgz 1258ms (cache miss)
1478 http fetch GET 200 https://registry.npmjs.org/@types/babel__template/-/babel__template-7.4.4.tgz 1244ms (cache miss)
1479 http fetch GET 200 https://registry.npmjs.org/@babel/compat-data/-/compat-data-7.29.7.tgz 1236ms (cache miss)
1480 http fetch GET 200 https://registry.npmjs.org/@alloc/quick-lru/-/quick-lru-5.3.0.tgz 1264ms (cache miss)
1481 http fetch GET 200 https://registry.npmjs.org/loose-envify/-/loose-envify-1.4.0.tgz 1261ms (cache miss)
1482 http fetch GET 200 https://registry.npmjs.org/@types/babel__traverse/-/babel__traverse-7.28.0.tgz 1255ms (cache miss)
1483 http fetch GET 200 https://registry.npmjs.org/@babel/helper-validator-option/-/helper-validator-option-7.29.7.tgz 1247ms (cache miss)
1484 http fetch GET 200 https://registry.npmjs.org/lru-cache/-/lru-cache-5.1.1.tgz 1251ms (cache miss)
1485 http fetch GET 200 https://registry.npmjs.org/browserslist/-/browserslist-4.29.0.tgz 1251ms (cache miss)
1486 http fetch GET 200 https://registry.npmjs.org/postcss-load-config/-/postcss-load-config-6.0.1.tgz 1287ms (cache miss)
1487 http fetch GET 200 https://registry.npmjs.org/yallist/-/yallist-3.1.1.tgz 1274ms (cache miss)
1488 http fetch GET 200 https://registry.npmjs.org/node-releases/-/node-releases-2.0.56.tgz 1272ms (cache miss)
1489 http fetch GET 200 https://registry.npmjs.org/js-tokens/-/js-tokens-4.0.0.tgz 1258ms (cache miss)
1490 http fetch GET 200 https://registry.npmjs.org/picocolors/-/picocolors-1.1.1.tgz 1258ms (cache miss)
1491 http fetch GET 200 https://registry.npmjs.org/convert-source-map/-/convert-source-map-2.0.0.tgz 1256ms (cache miss)
1492 http fetch GET 200 https://registry.npmjs.org/tinyglobby/-/tinyglobby-0.2.17.tgz 1338ms (cache miss)
1493 http fetch GET 200 https://registry.npmjs.org/jsesc/-/jsesc-3.1.0.tgz 1271ms (cache miss)
1494 http fetch GET 200 https://registry.npmjs.org/electron-to-chromium/-/electron-to-chromium-1.5.432.tgz 1295ms (cache miss)
1495 http fetch GET 200 https://registry.npmjs.org/@babel/helper-globals/-/helper-globals-7.29.7.tgz 1289ms (cache miss)
1496 http fetch GET 200 https://registry.npmjs.org/@babel/helper-plugin-utils/-/helper-plugin-utils-7.29.7.tgz 1289ms (cache miss)
1497 http fetch GET 200 https://registry.npmjs.org/react-refresh/-/react-refresh-0.17.0.tgz 1272ms (cache miss)
1498 http fetch GET 200 https://registry.npmjs.org/@types/babel__core/-/babel__core-7.20.5.tgz 1271ms (cache miss)
1499 http fetch GET 200 https://registry.npmjs.org/@babel/plugin-transform-react-jsx-self/-/plugin-transform-react-jsx-self-7.29.7.tgz 1271ms (cache miss)
1500 http fetch GET 200 https://registry.npmjs.org/update-browserslist-db/-/update-browserslist-db-1.3.3.tgz 1307ms (cache miss)
1501 http fetch GET 200 https://registry.npmjs.org/postcss-import/-/postcss-import-15.1.0.tgz 1323ms (cache miss)
1502 http fetch GET 200 https://registry.npmjs.org/@babel/helper-validator-identifier/-/helper-validator-identifier-7.29.7.tgz 1291ms (cache miss)
1503 http fetch GET 200 https://registry.npmjs.org/gensync/-/gensync-1.0.0-beta.2.tgz 1291ms (cache miss)
1504 http fetch GET 200 https://registry.npmjs.org/@rolldown/pluginutils/-/pluginutils-1.0.0-beta.27.tgz 1282ms (cache miss)
1505 http fetch GET 200 https://registry.npmjs.org/@types/prop-types/-/prop-types-15.7.15.tgz 1285ms (cache miss)
1506 http fetch GET 200 https://registry.npmjs.org/semver/-/semver-6.3.1.tgz 1305ms (cache miss)
1507 http fetch GET 200 https://registry.npmjs.org/@babel/code-frame/-/code-frame-7.29.7.tgz 1299ms (cache miss)
1508 http fetch GET 200 https://registry.npmjs.org/@types/react-dom/-/react-dom-18.3.7.tgz 1290ms (cache miss)
1509 http fetch GET 200 https://registry.npmjs.org/@babel/plugin-transform-react-jsx-source/-/plugin-transform-react-jsx-source-7.29.7.tgz 1311ms (cache miss)
1510 http fetch GET 200 https://registry.npmjs.org/glob-parent/-/glob-parent-5.1.2.tgz 1264ms (cache miss)
1511 http fetch GET 200 https://registry.npmjs.org/fdir/-/fdir-6.5.0.tgz 1334ms (cache miss)
1512 http fetch GET 200 https://registry.npmjs.org/baseline-browser-mapping/-/baseline-browser-mapping-2.11.25.tgz 1382ms (cache miss)
1513 http fetch GET 200 https://registry.npmjs.org/tslib/-/tslib-2.8.1.tgz 1368ms (cache miss)
1514 http fetch GET 200 https://registry.npmjs.org/glob-parent/-/glob-parent-5.1.2.tgz 1359ms (cache miss)
1515 http fetch GET 200 https://registry.npmjs.org/@vitejs/plugin-react/-/plugin-react-4.7.0.tgz 1363ms (cache miss)
1516 http fetch GET 200 https://registry.npmjs.org/chokidar/-/chokidar-3.6.0.tgz 1414ms (cache miss)
1517 http fetch GET 200 https://registry.npmjs.org/picomatch/-/picomatch-4.0.7.tgz 1381ms (cache miss)
1518 http fetch GET 200 https://registry.npmjs.org/@jridgewell/resolve-uri/-/resolve-uri-3.1.2.tgz 1427ms (cache miss)
1519 http fetch GET 200 https://registry.npmjs.org/ts-interface-checker/-/ts-interface-checker-0.1.13.tgz 1505ms (cache miss)
1520 http fetch GET 200 https://registry.npmjs.org/debug/-/debug-4.4.3.tgz 1441ms (cache miss)
1521 http fetch GET 200 https://registry.npmjs.org/braces/-/braces-3.0.3.tgz 1534ms (cache miss)
1522 http fetch GET 200 https://registry.npmjs.org/iceberg-js/-/iceberg-js-0.8.1.tgz 1526ms (cache miss)
1523 http fetch GET 200 https://registry.npmjs.org/@babel/helper-compilation-targets/-/helper-compilation-targets-7.29.7.tgz 1543ms (cache miss)
1524 http fetch GET 200 https://registry.npmjs.org/@babel/helper-module-imports/-/helper-module-imports-7.29.7.tgz 1575ms (cache miss)
1525 http fetch GET 200 https://registry.npmjs.org/picomatch/-/picomatch-2.3.2.tgz 1627ms (cache miss)
1526 http fetch GET 200 https://registry.npmjs.org/source-map-js/-/source-map-js-1.2.1.tgz 1615ms (cache miss)
1527 http fetch GET 200 https://registry.npmjs.org/scheduler/-/scheduler-0.23.2.tgz 1619ms (cache miss)
1528 http fetch GET 200 https://registry.npmjs.org/@babel/helper-module-transforms/-/helper-module-transforms-7.29.7.tgz 1607ms (cache miss)
1529 http fetch GET 200 https://registry.npmjs.org/@babel/template/-/template-7.29.7.tgz 1649ms (cache miss)
1530 http fetch GET 200 https://registry.npmjs.org/@types/react/-/react-18.3.31.tgz 1719ms (cache miss)
1531 http fetch GET 200 https://registry.npmjs.org/json5/-/json5-2.2.3.tgz 1755ms (cache miss)
1532 http fetch GET 200 https://registry.npmjs.org/any-promise/-/any-promise-1.3.0.tgz 1840ms (cache miss)
1533 http fetch GET 200 https://registry.npmjs.org/react/-/react-18.3.1.tgz 1775ms (cache miss)
1534 http fetch GET 200 https://registry.npmjs.org/fraction.js/-/fraction.js-5.3.4.tgz 1811ms (cache miss)
1535 http fetch GET 200 https://registry.npmjs.org/esbuild 1759ms (cache miss)
1536 silly packumentCache corgi:https://registry.npmjs.org/esbuild set size:undefined disposed:false
1537 http fetch GET 200 https://registry.npmjs.org/@jridgewell/sourcemap-codec/-/sourcemap-codec-1.6.0.tgz 2017ms (cache miss)
1538 http fetch GET 200 https://registry.npmjs.org/@nodelib/fs.walk/-/fs.walk-1.2.8.tgz 2063ms (cache miss)
1539 http fetch GET 200 https://registry.npmjs.org/@jridgewell/remapping/-/remapping-2.3.5.tgz 2035ms (cache miss)
1540 http fetch GET 200 https://registry.npmjs.org/@jridgewell/gen-mapping/-/gen-mapping-0.3.13.tgz 2042ms (cache miss)
1541 http fetch GET 200 https://registry.npmjs.org/@napi-rs/lzma-linux-x64-gnu/-/lzma-linux-x64-gnu-1.5.1.tgz 2110ms (cache miss)
1542 http fetch GET 200 https://registry.npmjs.org/csstype/-/csstype-3.2.3.tgz 2073ms (cache miss)
1543 http fetch GET 200 https://registry.npmjs.org/react-router 1914ms (cache miss)
1544 silly packumentCache corgi:https://registry.npmjs.org/react-router set size:undefined disposed:false
1545 http fetch GET 200 https://registry.npmjs.org/react-router/-/react-router-6.30.6.tgz 2294ms (cache miss)
1546 http fetch GET 200 https://registry.npmjs.org/react-router-dom/-/react-router-dom-6.30.6.tgz 2274ms (cache miss)
1547 http fetch GET 200 https://registry.npmjs.org/@rollup/rollup-linux-x64-gnu/-/rollup-linux-x64-gnu-4.63.3.tgz 2485ms (cache miss)
1548 http fetch GET 200 https://registry.npmjs.org/@babel/parser/-/parser-7.29.9.tgz 2396ms (cache miss)
1549 http fetch GET 200 https://registry.npmjs.org/jiti/-/jiti-1.21.7.tgz 2442ms (cache miss)
1550 http fetch GET 200 https://registry.npmjs.org/@jridgewell/trace-mapping/-/trace-mapping-0.3.31.tgz 2421ms (cache miss)
1551 http fetch GET 200 https://registry.npmjs.org/vite 2272ms (cache miss)
1552 silly packumentCache corgi:https://registry.npmjs.org/vite set size:undefined disposed:false
1553 http fetch GET 200 https://registry.npmjs.org/postcss-selector-parser/-/postcss-selector-parser-6.1.4.tgz 2662ms (cache miss)
1554 http fetch GET 200 https://registry.npmjs.org/postcss/-/postcss-8.5.28.tgz 2632ms (cache miss)
1555 http fetch GET 200 https://registry.npmjs.org/@supabase/supabase-js/-/supabase-js-2.116.0.tgz 2667ms (cache miss)
1556 http fetch GET 200 https://registry.npmjs.org/@supabase/storage-js/-/storage-js-2.116.0.tgz 2684ms (cache miss)
1557 silly packumentCache corgi:https://registry.npmjs.org/@vitejs%2fplugin-react cache-miss
1558 http fetch GET 200 https://registry.npmjs.org/@supabase/postgrest-js/-/postgrest-js-2.116.0.tgz 2731ms (cache miss)
1559 http fetch GET 200 https://registry.npmjs.org/@babel/generator/-/generator-7.29.8.tgz 2777ms (cache miss)
1560 http fetch GET 200 https://registry.npmjs.org/@remix-run/router/-/router-1.23.4.tgz 2813ms (cache miss)
1561 http fetch GET 200 https://registry.npmjs.org/@supabase/functions-js/-/functions-js-2.116.0.tgz 2864ms (cache miss)
1562 http fetch GET 200 https://registry.npmjs.org/@vitejs%2fplugin-react 172ms (cache miss)
1563 silly packumentCache corgi:https://registry.npmjs.org/@vitejs%2fplugin-react set size:undefined disposed:false
1564 http fetch GET 200 https://registry.npmjs.org/rollup/-/rollup-4.63.3.tgz 3090ms (cache miss)
1565 http fetch GET 200 https://registry.npmjs.org/fast-glob/-/fast-glob-3.3.3.tgz 3043ms (cache miss)
1566 silly packumentCache corgi:https://registry.npmjs.org/react-router-dom cache-miss
1567 http fetch GET 200 https://registry.npmjs.org/@supabase/phoenix/-/phoenix-0.4.5.tgz 3062ms (cache miss)
1568 http fetch GET 200 https://registry.npmjs.org/vite/-/vite-5.4.21.tgz 3093ms (cache miss)
1569 http fetch GET 200 https://registry.npmjs.org/autoprefixer/-/autoprefixer-10.6.1.tgz 3156ms (cache miss)
1570 http fetch GET 200 https://registry.npmjs.org/react-dom/-/react-dom-18.3.1.tgz 3182ms (cache miss)
1571 http fetch GET 200 https://registry.npmjs.org/@babel/traverse/-/traverse-7.29.8.tgz 3207ms (cache miss)
1572 http fetch GET 200 https://registry.npmjs.org/react-router-dom 226ms (cache miss)
1573 silly packumentCache corgi:https://registry.npmjs.org/react-router-dom set size:undefined disposed:false
1574 http fetch GET 200 https://registry.npmjs.org/resolve/-/resolve-1.22.12.tgz 4400ms (cache miss)
1575 http fetch GET 200 https://registry.npmjs.org/@babel/core/-/core-7.29.7.tgz 4518ms (cache miss)
1576 http fetch GET 200 https://registry.npmjs.org/@esbuild/linux-x64/-/linux-x64-0.21.5.tgz 4618ms (cache miss)
1577 http fetch GET 200 https://registry.npmjs.org/@supabase/realtime-js/-/realtime-js-2.116.0.tgz 4580ms (cache miss)
1578 http fetch GET 200 https://registry.npmjs.org/@babel/types/-/types-7.29.8.tgz 4680ms (cache miss)
1579 http fetch GET 200 https://registry.npmjs.org/@babel/helpers/-/helpers-7.29.7.tgz 4732ms (cache miss)
1580 http fetch GET 200 https://registry.npmjs.org/sucrase/-/sucrase-3.35.1.tgz 4778ms (cache miss)
1581 http fetch GET 200 https://registry.npmjs.org/@supabase/auth-js/-/auth-js-2.116.0.tgz 4776ms (cache miss)
1582 http fetch GET 200 https://registry.npmjs.org/tailwindcss/-/tailwindcss-3.4.19.tgz 4794ms (cache miss)
1583 http fetch GET 200 https://registry.npmjs.org/typescript/-/typescript-5.9.3.tgz 4935ms (cache miss)
1584 http fetch GET 200 https://registry.npmjs.org/caniuse-lite/-/caniuse-lite-1.0.30001810.tgz 5197ms (cache miss)
1585 silly ADD node_modules/@types/estree
1586 silly ADD node_modules/@rollup/rollup-linux-x64-gnu
1587 silly ADD node_modules/@napi-rs/lzma-linux-x64-gnu
1588 silly ADD node_modules/@esbuild/linux-x64
1589 silly ADD node_modules/rollup
1590 silly ADD node_modules/esbuild
1591 silly ADD node_modules/escalade
1592 silly ADD node_modules/is-number
1593 silly ADD node_modules/thenify
1594 silly ADD node_modules/thenify-all
1595 silly ADD node_modules/object-assign
1596 silly ADD node_modules/any-promise
1597 silly ADD node_modules/ts-interface-checker
1598 silly ADD node_modules/tinyglobby
1599 silly ADD node_modules/tinyglobby/node_modules/picomatch
1600 silly ADD node_modules/tinyglobby/node_modules/fdir
1601 silly ADD node_modules/pirates
1602 silly ADD node_modules/mz
1603 silly ADD node_modules/lines-and-columns
1604 silly ADD node_modules/commander
1605 silly ADD node_modules/queue-microtask
1606 silly ADD node_modules/function-bind
1607 silly ADD node_modules/hasown
1608 silly ADD node_modules/supports-preserve-symlinks-flag
1609 silly ADD node_modules/path-parse
1610 silly ADD node_modules/is-core-module
1611 silly ADD node_modules/es-errors
1612 silly ADD node_modules/util-deprecate
1613 silly ADD node_modules/cssesc
1614 silly ADD node_modules/camelcase-css
1615 silly ADD node_modules/read-cache
1616 silly ADD node_modules/is-extglob
1617 silly ADD node_modules/binary-extensions
1618 silly ADD node_modules/to-regex-range
1619 silly ADD node_modules/reusify
1620 silly ADD node_modules/run-parallel
1621 silly ADD node_modules/fastq
1622 silly ADD node_modules/@nodelib/fs.scandir
1623 silly ADD node_modules/merge2
1624 silly ADD node_modules/@nodelib/fs.walk
1625 silly ADD node_modules/@nodelib/fs.stat
1626 silly ADD node_modules/fill-range
1627 silly ADD node_modules/picomatch
1628 silly ADD node_modules/readdirp
1629 silly ADD node_modules/is-binary-path
1630 silly ADD node_modules/braces
1631 silly ADD node_modules/anymatch
1632 silly ADD node_modules/sucrase
1633 silly ADD node_modules/resolve
1634 silly ADD node_modules/postcss-selector-parser
1635 silly ADD node_modules/postcss-nested
1636 silly ADD node_modules/postcss-load-config
1637 silly ADD node_modules/postcss-js
1638 silly ADD node_modules/postcss-import
1639 silly ADD node_modules/object-hash
1640 silly ADD node_modules/normalize-path
1641 silly ADD node_modules/micromatch
1642 silly ADD node_modules/lilconfig
1643 silly ADD node_modules/jiti
1644 silly ADD node_modules/is-glob
1645 silly ADD node_modules/glob-parent
1646 silly ADD node_modules/fast-glob
1647 silly ADD node_modules/fast-glob/node_modules/glob-parent
1648 silly ADD node_modules/dlv
1649 silly ADD node_modules/didyoumean
1650 silly ADD node_modules/chokidar
1651 silly ADD node_modules/chokidar/node_modules/glob-parent
1652 silly ADD node_modules/arg
1653 silly ADD node_modules/@alloc/quick-lru
1654 silly ADD node_modules/react-router
1655 silly ADD node_modules/@remix-run/router
1656 silly ADD node_modules/scheduler
1657 silly ADD node_modules/loose-envify
1658 silly ADD node_modules/source-map-js
1659 silly ADD node_modules/nanoid
1660 silly ADD node_modules/yallist
1661 silly ADD node_modules/ms
1662 silly ADD node_modules/update-browserslist-db
1663 silly ADD node_modules/node-releases
1664 silly ADD node_modules/electron-to-chromium
1665 silly ADD node_modules/baseline-browser-mapping
1666 silly ADD node_modules/postcss-value-parser
1667 silly ADD node_modules/fraction.js
1668 silly ADD node_modules/caniuse-lite
1669 silly ADD node_modules/@types/babel__traverse
1670 silly ADD node_modules/@types/babel__template
1671 silly ADD node_modules/@types/babel__generator
1672 silly ADD node_modules/@jridgewell/resolve-uri
1673 silly ADD node_modules/@jridgewell/sourcemap-codec
1674 silly ADD node_modules/@babel/helper-string-parser
1675 silly ADD node_modules/@babel/helper-globals
1676 silly ADD node_modules/@babel/helper-plugin-utils
1677 silly ADD node_modules/@babel/helper-module-imports
1678 silly ADD node_modules/lru-cache
1679 silly ADD node_modules/browserslist
1680 silly ADD node_modules/@babel/helper-validator-option
1681 silly ADD node_modules/@babel/compat-data
1682 silly ADD node_modules/jsesc
1683 silly ADD node_modules/@jridgewell/trace-mapping
1684 silly ADD node_modules/@jridgewell/gen-mapping
1685 silly ADD node_modules/picocolors
1686 silly ADD node_modules/js-tokens
1687 silly ADD node_modules/@babel/helper-validator-identifier
1688 silly ADD node_modules/semver
1689 silly ADD node_modules/json5
1690 silly ADD node_modules/gensync
1691 silly ADD node_modules/debug
1692 silly ADD node_modules/convert-source-map
1693 silly ADD node_modules/@jridgewell/remapping
1694 silly ADD node_modules/@babel/types
1695 silly ADD node_modules/@babel/traverse
1696 silly ADD node_modules/@babel/template
1697 silly ADD node_modules/@babel/parser
1698 silly ADD node_modules/@babel/helpers
1699 silly ADD node_modules/@babel/helper-module-transforms
1700 silly ADD node_modules/@babel/helper-compilation-targets
1701 silly ADD node_modules/@babel/generator
1702 silly ADD node_modules/@babel/code-frame
1703 silly ADD node_modules/react-refresh
1704 silly ADD node_modules/@types/babel__core
1705 silly ADD node_modules/@rolldown/pluginutils
1706 silly ADD node_modules/@babel/plugin-transform-react-jsx-source
1707 silly ADD node_modules/@babel/plugin-transform-react-jsx-self
1708 silly ADD node_modules/@babel/core
1709 silly ADD node_modules/csstype
1710 silly ADD node_modules/@types/prop-types
1711 silly ADD node_modules/iceberg-js
1712 silly ADD node_modules/@supabase/phoenix
1713 silly ADD node_modules/tslib
1714 silly ADD node_modules/@supabase/storage-js
1715 silly ADD node_modules/@supabase/realtime-js
1716 silly ADD node_modules/@supabase/postgrest-js
1717 silly ADD node_modules/@supabase/functions-js
1718 silly ADD node_modules/@supabase/auth-js
1719 silly ADD node_modules/typescript
1720 silly ADD node_modules/tailwindcss
1721 silly ADD node_modules/react-router-dom
1722 silly ADD node_modules/react-dom
1723 silly ADD node_modules/react
1724 silly ADD node_modules/postcss
1725 silly ADD node_modules/autoprefixer
1726 silly ADD node_modules/vite
1727 silly ADD node_modules/@vitejs/plugin-react
1728 silly ADD node_modules/@types/react-dom
1729 silly ADD node_modules/@types/react
1730 silly ADD node_modules/@supabase/supabase-js
1731 warn install-scripts 1 package had install scripts blocked because they are not covered by allowScripts:
1731 warn install-scripts   esbuild@0.21.5 (postinstall: node install.js)
1731 warn install-scripts
1731 warn install-scripts Run `npm install-scripts ls` to review, or `npm install-scripts approve <pkg>` to allow.
1732 verbose cwd /home/sprite
1733 verbose os Linux 6.12.105-fly
1734 verbose node v24.18.0
1735 verbose npm  v12.0.2
1736 verbose exit 0
1737 info ok
